Z05	NAME	PTOT	NON_PEND	INTRA_COM_PEND	INTER_COM_PEND	PEND_MD	PEND_AUTO	PEND_TP	AGE_0_19	AGE_20_39	AGE_40_64	AGE_65_PLUS	EDU_PRE	EDU_BAS	EDU_MOY	EDU_HAUT	SECT_PRI	SECT_SEC	SECT_TER	REV_0_40K	REV_40K_80K	REV_80K_150K	REV_150K_PLUS	BATI_BAS	BATI_HAUT	FOY_1_PERS	FOY_COUPLES	FOY_ENF	FOY_GRANDS_ENF	FOY_MONO_ENF	FOY_MULTI	FOY_COLOC
1	Reppischtal	5214	0.088193457	0.068278805	0.843527738	0.013739802	0.636324603	0.349935595	0.233218259	0.216915995	0.411584196	0.13828155	0.16676131	0.15048268	0.510316108	0.172439902	0.028287462	0.159785933	0.811926606	0.095286538	0.352322821	0.419803323	0.060698542	0.881644224	0.118355776	0.28057222	0.317489617	0.30410706	0.023996308	0.059067836	0.005076142	0.021688971
2.1	Affoltern am Albis Zentrum	7295	0.033542977	0.234800839	0.731656184	0.088292819	0.478625314	0.433081866	0.203289925	0.267717615	0.383413297	0.145579164	0.141857086	0.236428477	0.515519746	0.10619469	0.008869742	0.225038013	0.766092245	0.173913043	0.759834369	0.173913043	0.017184265	0.784591195	0.215408805	0.358020124	0.29899278	0.236109378	0.03322142	0.045086213	0.008305355	0.01690733
2.2	Affoltern am Albis-Zwillikon Hedingen	6666	0.073821847	0.119041133	0.80713702	0.033482143	0.536033163	0.430484694	0.241224122	0.229522952	0.392289229	0.136963696	0.164213082	0.182880559	0.543178024	0.109728335	0.004441812	0.190109565	0.805448623	0.162566845	0.594117647	0.308823529	0.035026738	0.889858966	0.110141034	0.335918223	0.288332746	0.287627776	0.028551287	0.052167783	0.00281988	0.017976736
3	Bonstetten	5522	0.05829904	0.067901235	0.873799726	0.00976801	0.546601547	0.443630444	0.236689605	0.238862731	0.385005433	0.139442231	0.176147796	0.139747576	0.533199195	0.150905433	0.011434895	0.135374401	0.853190705	0.085353363	0.481051553	0.390235575	0.031751451	0.864814815	0.135185185	0.294491525	0.338135593	0.291101695	0.028389831	0.05	0.004661017	0.009322034
4	Oberalbis	5485	0.094498382	0.113268608	0.79223301	0.031162605	0.703555733	0.265281662	0.267092069	0.201640839	0.387055606	0.144211486	0.208020509	0.150155649	0.507965574	0.133858268	0.04795022	0.179721816	0.772327965	0.162860981	0.589993284	0.313969107	0.069509738	0.919776119	0.080223881	0.292003594	0.333333333	0.291554358	0.030098832	0.046271339	0	0.009433962
9	Mettmenstetten	6704	0.059360731	0.115677321	0.824961948	0.045905707	0.605148883	0.348945409	0.245375895	0.223299523	0.387082339	0.144242243	0.160921184	0.193820627	0.533257045	0.112001144	0.043769166	0.253693895	0.702536939	0.156024717	0.490731205	0.30561277	0.052265705	0.872519543	0.127480457	0.257414866	0.320029293	0.314902966	0.032222629	0.045038447	0.006957159	0.020505309
10	Obfelden-Ottenbach	7151	0.068658281	0.103773585	0.827568134	0.052112242	0.66728338	0.280604379	0.236190743	0.23311425	0.38693889	0.143756118	0.177442737	0.173673529	0.558277762	0.090605973	0.01863354	0.245059289	0.736307171	0.100024759	0.67269126	0.432532805	0.020549641	0.913580247	0.086419753	0.244706699	0.329746616	0.318639361	0.032974662	0.056230476	0.004512322	0.013884068
14	Wettswil-Aesch	6449	0.085099846	0.047004608	0.867895545	0.011746874	0.563471012	0.424782114	0.218483486	0.207008839	0.386571561	0.187936114	0.177326511	0.121842021	0.528461784	0.172369683	0.021262234	0.119473507	0.859264259	0.112359551	0.267166042	0.335830212	0.108302122	0.902189781	0.097810219	0.304270463	0.338790036	0.290035587	0.025622776	0.039145907	0.003558719	0.009252669
27	Feuerthalen-Flurlingen	5362	0.064382139	0.074766355	0.860851506	0.087996756	0.625304136	0.286699108	0.233494965	0.263521074	0.378217083	0.124766878	0.17888846	0.181976071	0.529139328	0.10999614	0.014990859	0.280804388	0.704204753	0.273463876	0.467927076	0.282241729	0.057731263	0.886481802	0.113518198	0.356485356	0.277824268	0.273640167	0.020502092	0.043514644	0.007531381	0.015481172
28	Henggart-Irchel	6170	0.110813226	0.065832589	0.823354185	0.040853883	0.679425837	0.27972028	0.252188006	0.191734198	0.406969206	0.14910859	0.190375891	0.173849644	0.567239145	0.068535321	0.064193548	0.180322581	0.755483871	0.121046578	0.54772858	0.311385854	0.02213916	0.95663397	0.04336603	0.245814618	0.348713761	0.336463863	0.025724786	0.035933034	0.003266639	0.005308289
30	Andelfingen-Marthalen	7721	0.105400904	0.142041399	0.752557697	0.048692516	0.582506763	0.368800721	0.240124336	0.221214869	0.383629064	0.155031732	0.176828462	0.182383283	0.550588546	0.090199709	0.052066981	0.244374673	0.703558346	0.221577165	0.612481858	0.17537494	0.082486696	0.953882353	0.046117647	0.261567517	0.349700976	0.310040919	0.012275732	0.035882908	0.005036198	0.025810513
34	Rheinfall-Trüllikon	5560	0.067280453	0.057719547	0.875	0.023678647	0.636786469	0.339534884	0.211870504	0.208992806	0.398741007	0.180395683	0.161083654	0.146805784	0.597840015	0.094270547	0.047748447	0.217779503	0.73447205	0.158122503	0.60252996	0.258655126	0.038948069	0.961492178	0.038507822	0.267903365	0.391716997	0.289042278	0.039257981	0.026747196	0.000862813	0.003882657
52.1	Bassersdorf Dorf	5772	0.029814942	0.106237149	0.86394791	0.027370091	0.552161841	0.420468068	0.222106722	0.3004158	0.34043659	0.137040887	0.171980163	0.206340772	0.51948282	0.102196245	0.004397215	0.165262001	0.830340784	0.221556886	0.654690619	0.24750499	0.031080696	0.800720288	0.199279712	0.344022169	0.28939034	0.266429137	0.020585907	0.058194774	0.004354711	0.017022961
52.2	Bassersdorf Unterbassersdorf-Baltenswil	5372	0.043425076	0.073394495	0.883180428	0.017045455	0.598366477	0.384588068	0.199180938	0.308078928	0.366530156	0.126209978	0.148698203	0.184085075	0.548771544	0.118445178	0.009043928	0.164082687	0.826873385	0.059849521	0.584131327	0.3375513	0.086525308	0.863733906	0.136266094	0.269977427	0.359819413	0.274040632	0.040180587	0.026185102	0.018058691	0.028442438
53.1	Bülach Stadt	6338	0.044628099	0.168595041	0.78677686	0.067929458	0.518941868	0.413128674	0.203534238	0.300410224	0.359577154	0.136478384	0.138977636	0.219968051	0.531789137	0.109265176	0.012793177	0.175753884	0.811452939	0.202609363	0.668969046	0.144282425	0.037605526	0.537202381	0.462797619	0.368148914	0.284384695	0.2371596	0.030334367	0.033092037	0.005170631	0.04860393
53.2	Bülach West	5325	0.035327817	0.173774666	0.790897518	0.076952381	0.524952381	0.398095238	0.204131455	0.340469484	0.334460094	0.120938967	0.143342776	0.259301228	0.494239849	0.103116147	0.014519056	0.20399274	0.781488203	0.179828453	0.760425909	0.133392487	0.019225081	0.764028777	0.235971223	0.36427714	0.267024785	0.257383388	0.036050442	0.032696912	0.015090883	0.027247427
53.3	Bülach Nord	5911	0.040291878	0.210659898	0.749048223	0.071001495	0.522421525	0.406576981	0.179495855	0.261377094	0.379631196	0.179495855	0.134096916	0.225022026	0.510837004	0.130044053	0.008230453	0.200274348	0.791495199	0.159231722	0.74070632	0.363692689	0.021995043	0.8125	0.1875	0.359272727	0.336363636	0.202181818	0.030545455	0.055272727	0.014909091	0.018909091
54	Dietlikon	7122	0.043336059	0.128645407	0.828018534	0.059199462	0.44769593	0.493104608	0.195169896	0.252176355	0.365487223	0.187166526	0.150021933	0.240824682	0.497441146	0.111712239	0.002643172	0.156828194	0.840528634	0.154902433	0.55769694	0.18549747	0.032522284	0.832053743	0.167946257	0.379635258	0.327659574	0.218237082	0.033738602	0.034954407	0.004863222	0.020668693
55	Eglisau	4843	0.051459293	0.131336406	0.817204301	0.032377428	0.606845513	0.360777058	0.253768325	0.229403262	0.390047491	0.126780921	0.196086509	0.166838311	0.520082389	0.116992791	0.032352941	0.212605042	0.755042017	0.083643892	0.560662526	0.421532091	0.019047619	0.877570093	0.122429907	0.314769976	0.311864407	0.304600484	0.005326877	0.038256659	0.003389831	0.016464891
56	Embrach	8519	0.044699872	0.17262665	0.782673478	0.068679245	0.642767296	0.288553459	0.220683179	0.256837657	0.379856791	0.142622374	0.160630641	0.23306295	0.526790815	0.079515595	0.012145749	0.178362573	0.809491678	0.133008763	0.744888023	0.148003895	0.015968841	0.830842391	0.169157609	0.300578035	0.301954308	0.281585467	0.039911919	0.041838701	0.014588494	0.018992568
58	Glattfelden	4365	0.05176565	0.096308186	0.851926164	0.030218503	0.748489075	0.221292422	0.209851088	0.27766323	0.395876289	0.116609393	0.163501621	0.209356183	0.525011579	0.102130616	0.013638363	0.248570172	0.737791465	0.07983871	0.831048387	0.469758065	0.014516129	0.917315175	0.082684825	0.324830817	0.292035398	0.29255596	0.030192608	0.027069235	0.008849558	0.018219677
59	Bachenbülach-Winkel	8025	0.049797474	0.071479628	0.878722897	0.037423847	0.65535248	0.307223673	0.197757009	0.228535826	0.401121495	0.17258567	0.152264446	0.182847475	0.552186361	0.112701718	0.01973165	0.165482768	0.814785583	0.10168031	0.461223611	0.294915984	0.051917277	0.816655003	0.183344997	0.322285714	0.369714286	0.249714286	0.026285714	0.024285714	0.006857143	0.006285714
60	Hörifeld	9206	0.043325527	0.075526932	0.881147541	0.02621979	0.645690834	0.328089375	0.234520965	0.25722355	0.384749077	0.123506409	0.176884749	0.24902513	0.51657279	0.057517331	0.015562566	0.231335436	0.753101998	0.128215045	0.765422549	0.173080642	0.019532005	0.869894982	0.130105018	0.307692308	0.298796442	0.302982732	0.029042386	0.043171115	0.013082156	0.012820513
62.1	Kloten Dorf	4885	0.032225579	0.2564619	0.711312521	0.084647303	0.425311203	0.490041494	0.177891505	0.319549642	0.351484135	0.151074719	0.119874436	0.309593879	0.490092211	0.080439474	0	0.139722019	0.860277981	0.382025523	0.614173228	0.177029595	0.037740972	0.46713615	0.53286385	0.408980959	0.265163479	0.185900436	0.031051501	0.04616868	0.009805737	0.031460074
62.2	Kloten Süd	6540	0.017832265	0.244915018	0.737252717	0.068608414	0.408414239	0.522977346	0.206880734	0.301223242	0.311314985	0.18058104	0.153290167	0.232043367	0.520704713	0.093961753	0.005171889	0.147550958	0.847277152	0.214148681	0.720143885	0.188729017	0.019904077	0.713441654	0.286558346	0.370798586	0.288469812	0.208693868	0.016593396	0.063182547	0.004786557	0.026485613
62.3	Kloten Nord	5587	0.044793485	0.335660268	0.619546248	0.058619494	0.5341658	0.407214707	0.192231967	0.275818865	0.375872561	0.156076606	0.136193029	0.241465594	0.531903485	0.090437891	0.010466223	0.147478592	0.842055186	0.274296094	0.610656979	0.419921284	0.054495913	0.833869239	0.166130761	0.406100624	0.271231879	0.224532176	0.041095739	0.052303668	0.000747195	0.010834331
64	Nürensdorf	5711	0.100289296	0.052073288	0.847637416	0.01541502	0.712252964	0.272332016	0.19488706	0.258448608	0.385396603	0.161267729	0.152205614	0.137440758	0.600802042	0.109551586	0.014275766	0.181406685	0.804317549	0.128180662	0.369592875	0.290712468	0.070928753	0.872207328	0.127792672	0.290067273	0.368816779	0.238227147	0.028492283	0.065690542	0.005935892	0.018599129
66.1	Opfikon Dorf	3847	0.037072701	0.116514203	0.846413096	0.043128235	0.538815411	0.418056354	0.178320769	0.298674292	0.337145828	0.185859111	0.135690148	0.273459839	0.475695347	0.115154666	0.014076881	0.177043855	0.808879264	0.243548387	0.550403226	0.244354839	0.08266129	0.82519685	0.17480315	0.351291053	0.303184317	0.218717837	0.036919123	0.030765936	0.006712568	0.036919123
66.2	Opfikon Glattbrugg	5567	0.036357786	0.133848134	0.82979408	0.043410246	0.402033633	0.55455612	0.207652236	0.340937668	0.33159691	0.119813185	0.148198971	0.40102916	0.379588336	0.071183533	0	0.208452722	0.791547278	0.489321943	0.655098772	0.141217298	0.021089162	0.662309368	0.337690632	0.448072332	0.20605333	0.222912239	0.029596751	0.042709236	0.00936606	0.026224969
66.3	Opfikon Glattpark	5029	0.02572452	0.119505047	0.854770433	0.048707381	0.357437242	0.593855377	0.197852456	0.44084311	0.279976138	0.081328296	0.160636183	0.21471173	0.480516899	0.144135189	0.005944056	0.193006993	0.801048951	0.267099969	0.688641288	0.136799752	0.024141133	0.45276873	0.54723127	0.394632879	0.266711628	0.205259262	0.025500642	0.037623897	0.012959342	0.046402807
67	Rafzerfeld	7379	0.090840273	0.131718395	0.777441332	0.076026977	0.623237278	0.300735745	0.228079686	0.226724488	0.393007183	0.152188643	0.163964216	0.188146491	0.552697791	0.095191501	0.047362756	0.209095802	0.743541442	0.099330932	0.723365929	0.293103448	0.021873392	0.937665082	0.062334918	0.256393225	0.359016938	0.28528728	0.030886749	0.047160412	0.008302889	0.015941548
69.1	Wallisellen Dorf-Berg	4458	0.033153751	0.177786987	0.789059262	0.050118203	0.447281324	0.502600473	0.193584567	0.289367429	0.353073127	0.163974877	0.145550701	0.19981605	0.521499195	0.133134054	0.015611062	0.190454951	0.793933988	0.191282268	0.506982649	0.294117647	0.061362675	0.81077147	0.18922853	0.327018943	0.347956132	0.245264207	0.021934197	0.02891326	0.006480558	0.031904287
69.2	Wallisellen Rieden	4723	0.045601291	0.169895077	0.784503632	0.052088221	0.493664946	0.454246832	0.174253652	0.26550921	0.352106712	0.208130426	0.13163482	0.189171975	0.552229299	0.126963907	0.003618272	0.166440525	0.829941203	0.181909212	0.60046729	0.290720961	0.04506008	0.845013477	0.154986523	0.408896493	0.297262618	0.195893926	0.02994012	0.039777588	0.005560308	0.020958084
69.3	Wallisellen Hof-Neugut	4752	0.044533067	0.150216019	0.805250914	0.0671406	0.439968404	0.492890995	0.167508418	0.377104377	0.345749158	0.109638047	0.127829003	0.246437552	0.462699078	0.163034367	0.0136312	0.151079137	0.835289663	0.178548896	0.679495268	0.17444795	0.023659306	0.684745763	0.315254237	0.427291242	0.282688391	0.184114053	0.016293279	0.043584521	0.003665988	0.028513238
83	Buchs ZH	5630	0.047172492	0.077863029	0.874964479	0.035392321	0.602671119	0.361936561	0.227175844	0.312611012	0.368206039	0.092007105	0.163211984	0.219299774	0.533008187	0.084480056	0.019325153	0.18803681	0.792638037	0.120162297	0.729400749	0.200686642	0.050873908	0.781140861	0.218859139	0.299288405	0.300962746	0.280870657	0.033068229	0.064462118	0.011720385	0.009208874
84	Furttal-Süd	6803	0.054356515	0.071143086	0.8745004	0.019798869	0.727215588	0.252985544	0.224018815	0.261061296	0.389975011	0.124944877	0.168908591	0.242739223	0.51085295	0.077499236	0.021489971	0.259312321	0.719197708	0.197475456	0.604768583	0.214586255	0.051332398	0.866432337	0.133567663	0.302521008	0.324579832	0.290266106	0.028711485	0.033263305	0.011554622	0.006652661
86	Dielsdorf	6135	0.059224163	0.125259106	0.815516731	0.02360515	0.643061516	0.333333333	0.226731866	0.288671557	0.34995925	0.134637327	0.188679245	0.212913277	0.526051584	0.072355894	0.00260078	0.261053316	0.736345904	0.159555288	0.726862981	0.368689904	0.026141827	0.805491991	0.194508009	0.361774744	0.295032234	0.246492226	0.034508912	0.0383011	0.014789534	0.021994691
88	Neerach-Stadlerberg	6417	0.105594957	0.053848174	0.840556869	0.032132425	0.778643298	0.189224278	0.183730715	0.234065763	0.43789933	0.144304192	0.127043648	0.163641818	0.584070796	0.125243738	0.046218487	0.164705882	0.78907563	0.091890535	0.498870198	0.250564901	0.047953804	0.928967814	0.071032186	0.292583813	0.402302743	0.21943786	0.02302743	0.038604809	0.003386387	0.015577379
90	Niederhasli	8567	0.039601864	0.088733587	0.871664549	0.035740879	0.615785555	0.348473567	0.218396171	0.272907669	0.373409595	0.135286565	0.155242183	0.234825261	0.560882894	0.049049663	0.014282423	0.188205483	0.797512094	0.100424328	0.809658517	0.144877753	0.013336027	0.86125	0.13875	0.345920253	0.296276736	0.258515976	0.024293636	0.049115395	0.009242144	0.019276472
91	Niederwehntal	4937	0.087255612	0.071325127	0.841419261	0.037118869	0.627485639	0.335395493	0.245898319	0.215718047	0.440145838	0.098237796	0.173100872	0.161685347	0.573474471	0.091739311	0.04515631	0.203010421	0.751833269	0.107579462	0.619629759	0.339853301	0.023402026	0.913779831	0.086220169	0.241066935	0.321590337	0.341217916	0.039255159	0.044287871	0.007549069	0.007045798
92	Oberglatt	6387	0.054263566	0.067361668	0.878374766	0.026920552	0.583716349	0.389363099	0.238453108	0.315954282	0.351338657	0.094253953	0.180068302	0.28779882	0.477181	0.054951878	0.009489917	0.204329775	0.786180308	0.322522523	0.532432432	0.262162162	0.024924925	0.837867247	0.162132753	0.393361582	0.267655367	0.247881356	0.03460452	0.043079096	0.004590395	0.01730226
94	Hohwacht-Regensberg	4293	0.076452599	0.088302752	0.835244648	0.024413146	0.6657277	0.309859155	0.257628698	0.245981831	0.395993478	0.100395993	0.2	0.135862069	0.528965517	0.135172414	0.054900366	0.230988207	0.714111427	0.124738384	0.531603181	0.228966095	0.096274592	0.858114674	0.141885326	0.271915131	0.316024567	0.312116136	0.035734227	0.055834729	0.002233389	0.003350084
96.1	Regensdorf Dorf	5115	0.031702544	0.162818004	0.805479452	0.049931911	0.540172492	0.409895597	0.176735093	0.291104594	0.367741935	0.164418377	0.137464095	0.285391875	0.490972507	0.086171522	0	0.246284501	0.753715499	0.26122449	0.732810047	0.159811617	0.038932496	0.757092199	0.242907801	0.377461248	0.296606619	0.239212401	0.02555509	0.028487641	0.015500628	0.018014244
96.2	Regensdorf Watt	6458	0.067040673	0.213464236	0.719495091	0.091792657	0.560835133	0.34737221	0.208113967	0.271446268	0.360483122	0.159956643	0.155902004	0.221603563	0.547088769	0.075405663	0.022727273	0.212121212	0.765151515	0.285306334	0.671858775	0.208982347	0.034267913	0.749347258	0.250652742	0.391861696	0.288757931	0.237206048	0.027292173	0.034030981	0.00842351	0.006738808
96.3	Regensdorf Adlikon	5424	0.044250871	0.14912892	0.806620209	0.026208026	0.610974611	0.362817363	0.226216814	0.315081121	0.336283186	0.122418879	0.167938931	0.230343511	0.523664122	0.078053435	0.011962617	0.18728972	0.800747664	0.114185503	0.607170694	0.259547935	0.07482463	0.757255937	0.242744063	0.281900452	0.295927602	0.319457014	0.03438914	0.050226244	0.015384615	0.010859729
97	Rümlang	6425	0.068880351	0.133095499	0.798024149	0.034448819	0.565944882	0.399606299	0.207626459	0.300544747	0.335875486	0.155953307	0.145342571	0.261123941	0.525019246	0.068514242	0.014392804	0.227286357	0.75832084	0.2815343	0.646422424	0.12908778	0.065158594	0.822906641	0.177093359	0.327874564	0.288501742	0.276655052	0.0271777	0.051916376	0.005574913	0.011498258
101	Oberwehntal	4406	0.058893752	0.085555113	0.855551134	0.031443545	0.67555979	0.292996665	0.217884703	0.251021335	0.382433046	0.148660917	0.161935044	0.203270497	0.547354077	0.087440382	0.054859611	0.206047516	0.739092873	0.127265861	0.663141994	0.205438066	0.029833837	0.921370968	0.078629032	0.286594761	0.333333333	0.260914227	0.027734977	0.056497175	0.005649718	0.016435542
102	Ossingen-Stammheim	4284	0.149161518	0.100176523	0.750661959	0.04475043	0.655192197	0.300057372	0.260037348	0.200513539	0.401960784	0.137488329	0.190532266	0.198539802	0.525906736	0.085021196	0.102977062	0.235236701	0.661786237	0.103795507	0.837335399	0.139426801	0.014717273	0.963060686	0.036939314	0.266027561	0.305572199	0.324146195	0.037747154	0.038945476	0.007189934	0.002995806
111	Bäretswil-Hittnau	7667	0.095913261	0.094036697	0.810050042	0.021806054	0.737814264	0.240379682	0.235815834	0.226033651	0.412416851	0.125733664	0.153425702	0.166137028	0.60671158	0.07372569	0.038097437	0.279612099	0.682290464	0.128835645	0.687053384	0.350357293	0.022698613	0.887811634	0.112188366	0.295047098	0.350045579	0.274688545	0.02461258	0.037070799	0.001519295	0.011242783
112	Bubikon	6644	0.068754977	0.109370852	0.82187417	0.031444583	0.605853051	0.362702366	0.247140277	0.230885009	0.374774232	0.147200482	0.169298893	0.149520295	0.579483395	0.101697417	0.03990878	0.236887115	0.723204105	0.292267366	0.281782438	0.34259502	0.029619921	0.877792378	0.122207622	0.231824926	0.353857567	0.318991098	0.019287834	0.042284866	0.001854599	0.014094955
113	Dürnten	7287	0.065091732	0.087459161	0.847449108	0.035534498	0.663606752	0.30085875	0.253602305	0.247289694	0.380540689	0.118567312	0.184475389	0.221425617	0.502137047	0.091961947	0.022552255	0.266226623	0.711221122	0.239320638	0.652856408	0.260936696	0.019042717	0.882423515	0.117576485	0.328818151	0.273620047	0.308161192	0.03318659	0.026413816	0.008804605	0.019302404
115.1	Gossau Dorf	5290	0.064647839	0.142565498	0.792786662	0.035351483	0.684274685	0.280373832	0.218714556	0.258223062	0.368620038	0.154442344	0.162661027	0.198615651	0.584118439	0.054604884	0.016759777	0.286778399	0.696461825	0.23165284	0.43586471	0.393107849	0.023611997	0.805714286	0.194285714	0.284807256	0.355555556	0.276643991	0.029478458	0.038548753	0.010884354	0.011791383
115.2	Gossau Grüt-Bertschikon	4705	0.072241853	0.112288967	0.815469179	0.0282203	0.654528903	0.317250797	0.251859724	0.233156217	0.355366631	0.159617428	0.192597375	0.149558855	0.556272864	0.101570906	0.048027444	0.219125214	0.732847341	0.266776451	0.342527789	0.459860025	0.028818444	0.89533933	0.10466067	0.224445646	0.393185506	0.299621417	0.027041644	0.047593294	0.001622499	0.009194159
116	Grüningen-Oetwil	7897	0.060563047	0.093683463	0.845753489	0.038748565	0.671928817	0.289322618	0.246802583	0.232493352	0.393947069	0.126756996	0.181876278	0.235429448	0.50140593	0.081288344	0.017692308	0.233333333	0.748974359	0.528089888	0.243063518	0.144003669	0.087594588	0.880774032	0.119225968	0.270404984	0.312149533	0.3105919	0.027725857	0.054205607	0.012149533	0.01588785
117.1	Hinwil Unterdorf	5319	0.061202955	0.259936687	0.678860359	0.070387339	0.618075802	0.31153686	0.197029517	0.290092123	0.329385223	0.183493138	0.144955178	0.284569903	0.515353805	0.055121114	0.018041237	0.307805596	0.674153166	0.134859349	0.800606729	0.085769443	0.035576393	0.814422057	0.185577943	0.353285894	0.318543324	0.239012139	0.044370029	0.041858518	0.010046044	0.017999163
117.2	Hinwil Oberdorf-Hadlikon	5446	0.078762307	0.201476793	0.7197609	0.031615418	0.726721524	0.241663058	0.2482556	0.227322806	0.378442894	0.1459787	0.179021497	0.146219422	0.582653818	0.092105263	0.022014925	0.277238806	0.700746269	0.090391189	0.782757311	0.191416635	0.018989746	0.920930233	0.079069767	0.270718232	0.374769797	0.285911602	0.027624309	0.033609576	0.006445672	0.009208103
118.1	Rüti Dorf	6880	0.057603687	0.181739631	0.760656682	0.054991243	0.61821366	0.326795096	0.21497093	0.26744186	0.324127907	0.193459302	0.162039077	0.283384751	0.498751285	0.055824886	0.012444161	0.288130185	0.699425654	0.703090013	0.275414241	0.075682938	0.068293775	0.806581059	0.193418941	0.387677725	0.268562401	0.247393365	0.026540284	0.048973144	0.003159558	0.008846761
118.2	Rüti Bahnhof-Fägswil	4855	0.051674982	0.19315752	0.755167498	0.060555786	0.511820821	0.427623393	0.234191555	0.286508754	0.35015448	0.129145211	0.153144016	0.235902637	0.528803245	0.082150101	0.019066148	0.275875486	0.705058366	0.596687072	0.301764494	0.087504501	0.118833273	0.808189655	0.191810345	0.360283688	0.24964539	0.274704492	0.020803783	0.047281324	0.013238771	0.01891253
120.1	Wald Dorf	4175	0.106666667	0.216774194	0.67655914	0.045253863	0.674392936	0.280353201	0.205269461	0.241437126	0.389221557	0.164071856	0.144237405	0.268461008	0.50931677	0.077984817	0.056338028	0.299061033	0.644600939	0.240208877	0.762402089	0.077955987	0.020514733	0.846930193	0.153069807	0.334939959	0.313774717	0.247104203	0.021694373	0.047092664	0.004233048	0.018519587
120.2	Wald Laupen	4034	0.072796935	0.27394636	0.653256705	0.056791569	0.672716628	0.270491803	0.221368369	0.243430838	0.377045117	0.158155677	0.151937199	0.281843505	0.497594328	0.068624968	0.050235479	0.31292517	0.636839351	0.215799615	0.809633911	0.078612717	0.00655106	0.837772397	0.162227603	0.420772693	0.234361231	0.261299304	0.034480733	0.018317889	0.00377133	0.004848853
121.1	Wetzikon Unterwetzikon-Schöneich	5600	0.086270561	0.199731454	0.713997986	0.04950495	0.451320132	0.499174917	0.195892857	0.301785714	0.359642857	0.142678571	0.153537564	0.226294675	0.499270605	0.120897155	0.002987304	0.212098581	0.784914115	0.234138973	0.762537764	0.082779456	0.022960725	0.742316785	0.257683215	0.369064665	0.28547469	0.220543192	0.020897494	0.061199803	0.010075577	0.027241376
121.2	Wetzikon Robenhausen-Medikon	5075	0.063988624	0.224315677	0.711695699	0.070815451	0.526609442	0.402575107	0.199802956	0.293990148	0.362955665	0.143251232	0.148423378	0.239405503	0.511548504	0.100622615	0.025297619	0.238095238	0.736607143	0.16510803	0.773943889	0.137052564	0.018703644	0.829954955	0.170045045	0.361218361	0.304161304	0.213213213	0.021021021	0.064350064	0.007293007	0.028314028
121.3	Wetzikon Oberwetzikon	5747	0.048133938	0.269619812	0.68224625	0.104318085	0.525438221	0.370243694	0.207064555	0.278580129	0.304680703	0.209674613	0.155301678	0.273830775	0.509460907	0.06140664	0.009923664	0.302290076	0.68778626	0.149804941	0.80390117	0.119115735	0.009362809	0.613598673	0.386401327	0.369111527	0.295364092	0.21600137	0.02433291	0.056152869	0.013851041	0.013102336
121.4	Wetzikon Kempten-Ettenhausen	6192	0.042675545	0.231840194	0.725484262	0.046652422	0.596153846	0.357193732	0.245155039	0.265503876	0.368055556	0.12128553	0.179710622	0.212265702	0.511016113	0.097007563	0.017690576	0.252492763	0.729816661	0.182874618	0.778593272	0.236391437	0.019877676	0.857271095	0.142728905	0.315945237	0.281400856	0.286446665	0.032215546	0.05239878	0.009703478	0.017078121
131.1	Adliswil Dorf	6638	0.045480714	0.107081174	0.847438112	0.056176084	0.459264126	0.48455979	0.20201868	0.278547755	0.31907201	0.200361555	0.150212081	0.175954366	0.497440398	0.176393155	0.014892269	0.127059569	0.858048162	0.154749745	0.526302349	0.291624106	0.050306435	0.747380675	0.252619325	0.350452196	0.315891473	0.25129199	0.018087855	0.045865633	0.001614987	0.009043928
131.2	Adliswil Sood	5547	0.028599933	0.16794147	0.803458597	0.053157474	0.389688249	0.557154277	0.170903191	0.287903371	0.343068325	0.198125113	0.120723625	0.240014329	0.481998925	0.15726312	0.011734507	0.153281995	0.834983498	0.23372615	0.664702581	0.180976431	0.045454545	0.757709251	0.242290749	0.420224064	0.292162443	0.190692852	0.019594128	0.039188256	0.005248427	0.016095176
131.3	Adliswil Wanneten	4698	0.022440945	0.13503937	0.842519685	0.021592443	0.464237517	0.51417004	0.212217965	0.293103448	0.323967646	0.170710941	0.146531731	0.231077377	0.471009909	0.151380983	0.007224819	0.152571186	0.840203995	0.222468588	0.606060606	0.211012565	0.046932742	0.752873563	0.247126437	0.368683295	0.288376043	0.229058186	0.018707939	0.061143022	0.002737747	0.021901978
132	Hirzelhöhe	4695	0.11678296	0.098053617	0.785163423	0.011622501	0.768944677	0.219432822	0.248136315	0.171246006	0.440894569	0.13972311	0.159594287	0.199130615	0.525357069	0.115918029	0.076666667	0.217916667	0.705416667	0.076565295	0.606440072	0.462969589	0.027906977	0.900232019	0.099767981	0.266145833	0.326041667	0.315625	0.0171875	0.043229167	0.0046875	0.0140625
133.1	Horgen Stadt	4223	0.068747364	0.202446225	0.728806411	0.041836735	0.421428571	0.536734694	0.171678901	0.269239877	0.367984845	0.191096377	0.141676234	0.167853042	0.482663605	0.207807118	0.015413358	0.12143858	0.863148062	0.216224103	0.46454625	0.338780274	0.096002334	0.534039334	0.465960666	0.424975099	0.295615048	0.189940639	0.024141136	0.036894944	0.001821973	0.015031274
133.2	Horgen Käpfnach	4810	0.048717949	0.2	0.751282051	0.018755328	0.55200341	0.429241262	0.235758836	0.273388773	0.36008316	0.130769231	0.182587167	0.187744997	0.437383949	0.192283887	0.020955574	0.164291702	0.814752724	0.168857432	0.501179643	0.238287833	0.068082238	0.709798995	0.290201005	0.368171927	0.269246137	0.293510953	0.013532301	0.02146503	0.006999466	0.014932195
133.3	Horgen Allmend-Kalkofen	4581	0.047660691	0.238740708	0.713598601	0.027221366	0.564458141	0.408320493	0.214145383	0.252783235	0.369133377	0.163938005	0.150684932	0.312149113	0.472939591	0.064226364	0.004215457	0.257611241	0.738173302	0.058405683	0.749802684	0.360694554	0.030781373	0.578282828	0.421717172	0.325178029	0.275190282	0.304564525	0.037104308	0.051533761	0.009791415	0.006699389
133.4	Horgen Oberdorf-Horgenberg	4719	0.060751399	0.181854516	0.757394085	0.018419777	0.574406205	0.407174018	0.221657131	0.248993431	0.349014622	0.180334817	0.151969981	0.15822389	0.488221805	0.201584324	0.028150715	0.15807709	0.813772196	0.102425876	0.460531382	0.510589141	0.065845206	0.780652418	0.219347582	0.353744701	0.322185586	0.246349505	0.020725389	0.036740462	0.007065473	0.012717852
135	Kilchberg	8098	0.064108911	0.094059406	0.841831683	0.03920386	0.458082027	0.502714113	0.204618424	0.244751791	0.360829835	0.189799951	0.168028601	0.12602145	0.394918284	0.311031665	0.008539945	0.104407713	0.887052342	0.194311812	0.202615736	0.278181441	0.403363089	0.763585039	0.236414961	0.399013499	0.280893043	0.237538941	0.024922118	0.042575286	0.005451713	0.018691589
136	Langnau am Albis	7627	0.052496799	0.087067862	0.860435339	0.017592593	0.583950617	0.39845679	0.212796644	0.221712338	0.383505966	0.181985053	0.166420813	0.184122301	0.532117474	0.117339413	0.011667615	0.168468981	0.819863404	0.13197851	0.483298295	0.568792338	0.04157907	0.878809355	0.121190645	0.35892961	0.294066318	0.261198371	0.029959279	0.047702152	0.002617801	0.011925538
137	Oberrieden	5366	0.084877687	0.087101557	0.828020756	0.042731278	0.453744493	0.503524229	0.204435334	0.202385389	0.395080134	0.198099143	0.155819296	0.132656968	0.516462481	0.195061256	0.00618047	0.10671611	0.88710342	0.073146944	0.141742523	0.382639792	0.104031209	0.812217195	0.187782805	0.370672098	0.318126273	0.236659878	0.03095723	0.040733198	0.002443992	0.010590631
138.1	Richterswil Dorf	5584	0.074616695	0.149914821	0.775468484	0.031181379	0.479139218	0.489679403	0.205050143	0.243015759	0.371776504	0.180157593	0.150089445	0.194991055	0.5	0.154919499	0.011773642	0.173566274	0.814660084	0.42554319	0.418653948	0.2236354	0.098834128	0.63357216	0.36642784	0.394512421	0.280311457	0.21764924	0.021876159	0.056358917	0.002595476	0.010752688
138.2	Richterswil Samstagern	7176	0.07196162	0.154850746	0.773187633	0.020511202	0.645945093	0.333543705	0.226170569	0.245680045	0.396042363	0.132107023	0.173565723	0.141902687	0.554248366	0.130283224	0.026346951	0.198046181	0.775606868	0.295542102	0.361309851	0.156851954	0.130434783	0.808238636	0.191761364	0.269282815	0.331190798	0.300067659	0.035182679	0.054127199	0.003044655	0.00947226
139	Rüschlikon	5342	0.062404288	0.085375191	0.852220521	0.025889968	0.444752658	0.529357374	0.208536129	0.22276301	0.364095844	0.204605017	0.153413353	0.135971493	0.418042011	0.292573143	0.013519223	0.082382763	0.904098014	0.102411432	0.083358142	0.205418279	0.776719262	0.72066459	0.27933541	0.318947801	0.334155364	0.251130292	0.016029593	0.04891081	0.002466091	0.01972873
141.1	Thalwil Stadt	4981	0.061544064	0.09613984	0.842316096	0.031786942	0.326890034	0.641323024	0.203172054	0.311182493	0.341096165	0.144549287	0.170860647	0.182702474	0.404948192	0.241488687	0.003314002	0.143330572	0.853355427	0.271140536	0.410472465	0.297321697	0.155582305	0.591397849	0.408602151	0.437346437	0.271908272	0.209254709	0.009418509	0.043816544	0.004095004	0.012694513
141.2	Thalwil Ludretikon	5354	0.078938414	0.095610752	0.825450834	0.023688663	0.381133672	0.595177665	0.178184535	0.235711617	0.3797161	0.206387747	0.140487991	0.132672512	0.459397636	0.26744186	0.005930319	0.122312824	0.871756857	0.22094055	0.376220053	0.296066253	0.228926353	0.712777191	0.287222809	0.404556146	0.301135778	0.218247395	0.035740863	0.028896868	0.001520888	0.01368799
141.3	Thalwil Bürger-Gattikon	7101	0.067122067	0.126225126	0.806652807	0.020223908	0.490429758	0.489346334	0.195183777	0.223489649	0.379805661	0.201520913	0.154287395	0.165318429	0.507280482	0.173113693	0.015468901	0.145987754	0.838543345	0.27803681	0.398773006	0.2	0.137177914	0.724293785	0.275706215	0.344468281	0.339564818	0.240882623	0.026049648	0.0456635	0.004903463	0.007661661
142.1	Wädenswil Stadt	5007	0.06122449	0.247202107	0.691573404	0.054900366	0.391215941	0.553883693	0.171559816	0.27042141	0.390653086	0.167365688	0.119976475	0.207214272	0.519113899	0.153695354	0.019468364	0.138899289	0.841632347	0.294612795	0.597643098	0.241582492	0.055836139	0.480801336	0.519198664	0.416816197	0.285273443	0.178692115	0.033281902	0.029715984	0.008320475	0.037640246
142.2	Wädenswil Giessen	4732	0.060358891	0.218189233	0.721451876	0.04	0.552	0.408	0.187658495	0.225486052	0.377430262	0.20942519	0.128149903	0.1819944	0.496446263	0.193409434	0.013995485	0.182844244	0.803160271	0.108057928	0.597474935	0.292610472	0.035647976	0.788095238	0.211904762	0.330046948	0.317840376	0.237089202	0.041314554	0.054460094	0	0.037558685
142.3	Wädenswil Hangenmoos-Herrlisberg	5138	0.059956395	0.260901163	0.679142442	0.029490617	0.561662198	0.408847185	0.207668353	0.241922927	0.365317244	0.185091475	0.148099111	0.247588424	0.496122565	0.1081899	0.036484896	0.182816791	0.780698313	0.149758454	0.619392685	0.266390614	0.033126294	0.74248366	0.25751634	0.336879776	0.281674961	0.27428534	0.033035952	0.034774687	0.005216203	0.024342281
142.4	Wädenswil Au	5339	0.044727273	0.208	0.747272727	0.016386555	0.573109244	0.410504202	0.2075295	0.256040457	0.354935381	0.181494662	0.157332351	0.200257922	0.493551953	0.148857775	0.012892828	0.176067687	0.811039484	0.073674753	0.689427972	0.323450135	0.019766397	0.739018088	0.260981912	0.309431179	0.36127736	0.245652146	0.018105016	0.045262539	0.004526254	0.007406597
151	Erlenbach	4993	0.078579976	0.092142002	0.829278022	0.017102616	0.425050302	0.557847082	0.227318246	0.191868616	0.407770879	0.173042259	0.16948815	0.118103963	0.419836686	0.292571201	0.015075377	0.085427136	0.899497487	0.184493671	0.258227848	0.306012658	0.367088608	0.822827939	0.177172061	0.347746928	0.273554848	0.281747838	0.035047792	0.033682294	0.003186163	0.023668639
152	Herrliberg	6281	0.117203564	0.048320768	0.834475668	0.020725389	0.544905009	0.434369603	0.227033912	0.199968158	0.386244229	0.186753702	0.172966781	0.148911798	0.406807396	0.271314024	0.012007505	0.110318949	0.877673546	0.160196829	0.257517769	0.168671405	0.362766539	0.865949821	0.134050179	0.322722283	0.291255031	0.277716795	0.028905964	0.056714233	0.002561288	0.020856202
153	Hombrechtikon	8213	0.060695781	0.130520602	0.808783617	0.027544216	0.689185271	0.283270513	0.241202971	0.217947157	0.374528187	0.166321685	0.182614057	0.195437731	0.52404439	0.097903822	0.028423066	0.282044274	0.689532659	0.589038174	0.214331414	0.20537428	0.159735551	0.891144952	0.108855048	0.321148825	0.279953583	0.32056861	0.037423847	0.042935886	0.000580215	0.015665796
154.1	Küsnacht Dorf	5979	0.093987342	0.133544304	0.772468354	0.031060912	0.37797499	0.590964098	0.197022914	0.23348386	0.36243519	0.207058036	0.147680708	0.157187346	0.388297	0.306834945	0.012408759	0.093430657	0.894160584	0.194239467	0.254701262	0.317543442	0.356343728	0.741837509	0.258162491	0.422801022	0.269395341	0.211570584	0.025170777	0.025851068	0	0.031973689
154.2	Küsnacht Heslibach-Küsnachterberg	7563	0.091698004	0.14550188	0.762800116	0.038884813	0.493763756	0.467351431	0.209176253	0.191458416	0.364537882	0.234827449	0.148641304	0.151630435	0.459782609	0.239945652	0.022092268	0.090643275	0.887264457	0.204330799	0.241188666	0.134070491	0.332642248	0.854545455	0.145454545	0.363662706	0.302231237	0.2384816	0.026948711	0.046942915	0.004056795	0.024340771
155.1	Männedorf Dorf	5476	0.072727273	0.128756957	0.79851577	0.028200537	0.427484333	0.54431513	0.217677137	0.199780862	0.390796202	0.1917458	0.176873265	0.137835338	0.510453284	0.174838113	0.016490486	0.145454545	0.838054968	0.493729373	0.161386139	0.17689769	0.214851485	0.790821772	0.209178228	0.397862233	0.294140934	0.23871734	0.031274743	0.038400633	0.003167063	0.013064133
155.2	Männedorf Allenberg	4983	0.057312253	0.169960474	0.772727273	0.06150889	0.443056223	0.495434887	0.193658439	0.22837648	0.377884808	0.200080273	0.150726392	0.161622276	0.493341404	0.194309927	0.010403121	0.163849155	0.825747724	0.493311582	0.218923328	0.177814029	0.200326264	0.82300885	0.17699115	0.366792137	0.307820995	0.224592221	0.019657047	0.04140527	0.00418235	0.022584693
156.1	Meilen Dorf-Obermeilen	4643	0.056900726	0.194511703	0.748587571	0.049414162	0.36882323	0.581762608	0.171225501	0.198793883	0.41331036	0.216670256	0.11688043	0.189697973	0.490897807	0.20252379	0.007197481	0.137201979	0.85560054	0.471001221	0.224358974	0.24023199	0.16971917	0.731160896	0.268839104	0.411234074	0.303128376	0.204103557	0.0341614	0.02940475	0	0.011675415
156.2	Meilen Feldmeilen-Bergmeilen	7288	0.1016	0.145066667	0.753333333	0.02201897	0.412262873	0.565718157	0.209522503	0.211306257	0.383095499	0.196075741	0.157201756	0.146030057	0.457241654	0.239526533	0.016528926	0.123671783	0.859799292	0.484041382	0.177635923	0.164208673	0.236187541	0.75216763	0.24783237	0.374551595	0.300454887	0.239724644	0.021211999	0.03603134	0.007264383	0.01365704
158.1	Stäfa Oetikon-Oberhusen	6600	0.097942625	0.219356708	0.682700666	0.083364209	0.500926269	0.415709522	0.187424242	0.209242424	0.388787879	0.214545455	0.135424521	0.191072236	0.499019756	0.174483487	0.025545171	0.170093458	0.804361371	0.510502714	0.232003776	0.129572811	0.156006608	0.794615385	0.205384615	0.40744186	0.297054264	0.220775194	0.027286822	0.027596899	0.00124031	0.024186047
158.2	Stäfa Kehlhof-Uerikon	7168	0.068776978	0.167194245	0.764028777	0.03769559	0.495021337	0.467283073	0.203125	0.208984375	0.384626116	0.203264509	0.150725062	0.142082906	0.526585616	0.180606416	0.014978834	0.180071638	0.804949528	0.530924084	0.26388552	0.154014067	0.162745574	0.827487473	0.172512527	0.310377358	0.352201258	0.258805031	0.028930818	0.037106918	0.005974843	0.010691824
159	Uerikon am See	5979	0.057520661	0.120661157	0.821818182	0.025766871	0.51206544	0.462167689	0.241177454	0.172604114	0.412778057	0.173440375	0.17839026	0.13222861	0.495434562	0.193946567	0.015654119	0.170331718	0.814014163	0.450475314	0.158846979	0.33517326	0.206378412	0.802357208	0.197642792	0.239804241	0.358890701	0.316884176	0.021615008	0.057504078	0	0.013050571
160	Zumikon	5017	0.096815287	0.076008493	0.827176221	0.004319654	0.545896328	0.449784017	0.211281642	0.188758222	0.367351007	0.232609129	0.15287226	0.136243386	0.438586546	0.272297808	0.013736264	0.088369963	0.897893773	0.153721157	0.159571011	0.164445889	0.391290218	0.89781746	0.10218254	0.340634779	0.317836388	0.274027716	0.028162718	0.025480554	0.001341082	0.011175682
161.1	Zollikon Dorf	5548	0.102463406	0.096394145	0.801142449	0.043051006	0.444548432	0.512400562	0.183669791	0.196647441	0.377433309	0.242249459	0.145144077	0.125400213	0.392920669	0.336535041	0	0.052950687	0.947049313	0.508159175	0.127111366	0.22788434	0.316060693	0.735222672	0.264777328	0.403196186	0.311594133	0.201230213	0.026487341	0.024647942	0.006989715	0.010668512
161.2	Zollikon Zollikerberg	6165	0.068196509	0.134453782	0.797349709	0.041862285	0.366588419	0.591549296	0.18945661	0.222060016	0.351500406	0.236982968	0.139753567	0.164721141	0.423800259	0.271725032	0.008651766	0.073540014	0.917808219	0.485782557	0.165352449	0.088172043	0.162962963	0.781902552	0.218097448	0.388227513	0.287698413	0.221230159	0.026124339	0.043650794	0.000992063	0.021164021
171	Bauma-Fischenthal	6335	0.085149666	0.162452775	0.752397559	0.039087948	0.709011944	0.251900109	0.263772691	0.232202052	0.381846882	0.122178374	0.182315993	0.24464487	0.520051538	0.052987599	0.045865633	0.277131783	0.677002584	0.155345061	0.851150203	0.075778078	0.012449256	0.92106612	0.07893388	0.280742459	0.301237432	0.310518175	0.021655066	0.050657386	0.005413766	0.012761021
172	Fehraltorf	6269	0.062200957	0.095959596	0.841839447	0.052829009	0.553923101	0.39324789	0.210081353	0.276280108	0.381241027	0.132397512	0.15962975	0.152484573	0.586229295	0.101656382	0.017952314	0.204768583	0.777279102	0.202706594	0.608695652	0.202130723	0.061330262	0.788798133	0.211201867	0.304059041	0.322140221	0.291512915	0.035424354	0.038376384	0.002583026	0.022140221
174.1	Illnau-Effretikon Illnau	5914	0.08612874	0.135992747	0.777878513	0.014785431	0.592499098	0.392715471	0.230470071	0.23537369	0.382651336	0.151504904	0.179055794	0.154678112	0.5672103	0.099055794	0.04664723	0.206997085	0.746355685	0.076391555	0.692898273	0.226487524	0.037236084	0.917987595	0.082012405	0.27125	0.36625	0.28625	0.032083333	0.026666667	0.014583333	0.015
174.2	Illnau-Effretikon Effretikon	5052	0.009803922	0.148284314	0.841911765	0.05047749	0.404729422	0.544793088	0.181908155	0.289588282	0.302256532	0.226247031	0.146189088	0.267596835	0.498542274	0.087671803	0.011638317	0.206356312	0.782005372	0.200802206	0.830533968	0.081223364	0.017046879	0.627291242	0.372708758	0.436134695	0.282319334	0.183410216	0.022585547	0.035046538	0.008177526	0.021027923
174.3	Illnau-Effretikon Rikon	4634	0.039669421	0.13677686	0.823553719	0.054869006	0.459218982	0.485912012	0.185153215	0.310099266	0.333189469	0.171558049	0.132765194	0.250953129	0.517380579	0.098901099	0.011690647	0.262140288	0.726169065	0.203484321	0.79825784	0.151219512	0.018466899	0.797241379	0.202758621	0.417025317	0.279799038	0.207176039	0.025395773	0.025841312	0.005792018	0.036979809
176	Lindau	5201	0.074652778	0.081944444	0.843402778	0.023559108	0.640723601	0.335717291	0.229955778	0.243799269	0.387425495	0.138819458	0.167514677	0.185322896	0.563405088	0.083757339	0.010364683	0.213435701	0.776199616	0.105835448	0.553823849	0.339615803	0.02138456	0.909490334	0.090509666	0.315860215	0.30421147	0.294354839	0.029569892	0.053315412	0.004480287	0.011648746
177.1	Pfäffikon Stadt	5282	0.065008292	0.146268657	0.788723051	0.081980519	0.486607143	0.431412338	0.217152594	0.280386217	0.378265808	0.124195381	0.164635326	0.196169472	0.525440124	0.113755078	0.008887309	0.220405261	0.77070743	0.190524535	0.623688663	0.223011844	0.02571912	0.793911007	0.206088993	0.358746294	0.300720034	0.260906396	0.030072003	0.041507836	0.003811944	0.013977128
177.2	Pfäffikon Bussenhausen-Hermatswil	5381	0.070707071	0.20097527	0.728317659	0.087494665	0.545027742	0.367477593	0.188812488	0.2302546	0.375580747	0.205352165	0.130902909	0.210426898	0.534378542	0.124291651	0.011913912	0.257109915	0.730976172	0.105112825	0.751499572	0.369323051	0.021993716	0.903310105	0.096689895	0.352532912	0.334526123	0.217682071	0.028810862	0.035213276	0.002801056	0.011204224
178	Russikon-Kyburg	7440	0.076159762	0.096750186	0.827090052	0.011677935	0.741548863	0.246773202	0.22594086	0.194354839	0.402688172	0.177016129	0.158186132	0.160295281	0.593197996	0.088320591	0.045191802	0.220966894	0.733841303	0.222925616	0.416685508	0.259326249	0.04318336	0.93336295	0.06663705	0.274735831	0.341658662	0.301633045	0.032660903	0.030419468	0.001601025	0.007364713
191.1	Dübendorf Dorf	3756	0.049248748	0.168196995	0.782554257	0.063872255	0.448103792	0.488023952	0.168264111	0.306176784	0.343184239	0.182374867	0.127864006	0.270509978	0.496674058	0.104951959	0.003651301	0.18621634	0.81013236	0.247963506	0.733463669	0.148908439	0.034864777	0.517857143	0.482142857	0.475195684	0.250923435	0.186055453	0.018102693	0.037713943	0.004022821	0.020114103
191.2	Dübendorf Wil	4597	0.051467785	0.134578727	0.813953488	0.036016007	0.437972432	0.526011561	0.202305852	0.29541005	0.32695236	0.175331738	0.15801495	0.192483389	0.49127907	0.158222591	0	0.151351351	0.848648649	0.216854725	0.685825106	0.271509168	0.027856135	0.715667311	0.284332689	0.385036496	0.310218978	0.232208029	0.020072993	0.032390511	0.002737226	0.016423358
191.3	Dübendorf Gfenn	4996	0.040286787	0.163878457	0.795834756	0.042694869	0.529964747	0.427340384	0.20336269	0.255804644	0.337469976	0.20336269	0.143284699	0.236064347	0.515525627	0.105125327	0.0089914	0.188037529	0.802971071	0.197935103	0.602359882	0.255752212	0.029498525	0.832352941	0.167647059	0.337084178	0.327377566	0.249724666	0.028237418	0.027354999	0.004853306	0.01279508
191.4	Dübendorf Kriesmatt	4372	0.037308461	0.189873418	0.772818121	0.063978286	0.550988755	0.385032959	0.178408051	0.270585544	0.388380604	0.162625801	0.108835341	0.254016064	0.526506024	0.11064257	0.00641254	0.178126113	0.815461347	0.178805877	0.635511097	0.246014379	0.06627071	0.679582712	0.320417288	0.41486893	0.276268174	0.206267792	0.039666883	0.032200176	0.014466746	0.004666692
191.5	Dübendorf Stettbach-Gockhausen	4261	0.059283656	0.13627007	0.804446274	0.048828125	0.456542969	0.494628906	0.245247594	0.297817414	0.317531096	0.139403896	0.180467555	0.174131527	0.419707232	0.225693686	0.012340037	0.1476234	0.840036563	0.20038835	0.598446602	0.314563107	0.060970874	0.825031928	0.174968072	0.31777591	0.270697997	0.315636005	0.029958672	0.039053268	0.002674881	0.009629573
192	Egg	8162	0.069032572	0.107924161	0.823043267	0.029462738	0.585788562	0.3847487	0.222739525	0.223229601	0.373560402	0.180470473	0.159470926	0.187546793	0.51147991	0.141502371	0.019002375	0.1712853	0.809712325	0.482601491	0.293289147	0.249378625	0.162800331	0.901376147	0.098623853	0.288422281	0.318751823	0.288422281	0.031496063	0.057451152	0.004957714	0.019539224
193	Fällanden	7844	0.058003485	0.059746079	0.882250436	0.035052144	0.551853998	0.413093859	0.225522693	0.224502805	0.386409995	0.163564508	0.178459938	0.131113424	0.513917794	0.176508845	0.004460552	0.155840535	0.839698913	0.142587148	0.499370013	0.237715246	0.043469131	0.765625	0.234375	0.335245196	0.310008603	0.26326355	0.022082019	0.041009464	0.00544881	0.017780327
194	Greifensee	5589	0.050475494	0.071689832	0.877834674	0.068725533	0.445411048	0.485863419	0.232062981	0.266058329	0.329039184	0.172839506	0.173231286	0.14411051	0.540041068	0.142617136	0.011823036	0.221967963	0.766209001	0.086595886	0.575646981	0.5199071	0.0331785	0.761268781	0.238731219	0.259117897	0.33163698	0.29389313	0.020780322	0.062765055	0.002120441	0.035199321
195.1	Maur Dorf-Aesch	4588	0.078228477	0.098509934	0.823261589	0.015329586	0.622892182	0.361778232	0.210113339	0.215780296	0.406931125	0.16717524	0.13598638	0.19791445	0.471376889	0.194722281	0.014932338	0.138124125	0.846943537	0.118294849	0.342095915	0.506571936	0.135346359	0.919803601	0.080196399	0.336217794	0.304666564	0.27163637	0.020705495	0.035495134	0.007887807	0.011831711
195.2	Maur Binz-Ebmatingen	4685	0.074675325	0.092532468	0.832792208	0.003902439	0.653658537	0.342439024	0.220917823	0.197225187	0.366915688	0.214941302	0.160873251	0.12865621	0.512717253	0.197753285	0.011022928	0.145943563	0.84303351	0.091669698	0.253182976	0.336485995	0.170971262	0.867154812	0.132845188	0.329291849	0.330715301	0.265711002	0.018504873	0.044127006	0.000948968	0.009964163
196	Mönchaltorf Seegräben	4881	0.078768493	0.057976809	0.863254698	0.026277372	0.654987835	0.318734793	0.226797787	0.226183159	0.388035239	0.158983815	0.179649567	0.178594047	0.540848638	0.100907748	0.024793388	0.187907786	0.787298826	0.260458348	0.370316479	0.313204802	0.032375409	0.873451327	0.126548673	0.268145161	0.364415323	0.274697581	0.04233871	0.047379032	0.008568548	0.017641129
197	Schwerzenbach	4816	0.018987342	0.089794304	0.891218354	0.060053381	0.450177936	0.489768683	0.20494186	0.304194352	0.354651163	0.136212625	0.157089797	0.178501202	0.524797903	0.139611099	0.006625442	0.20229682	0.791077739	0.104570384	0.68190128	0.289945155	0.044241316	0.67576244	0.32423756	0.316690442	0.324298621	0.271992392	0.030908226	0.033761293	0.005230623	0.028055159
198.1	Uster Stadt-Kirchuster	6037	0.054397835	0.225710419	0.719891746	0.080844156	0.371428571	0.547727273	0.205731324	0.335265861	0.326817956	0.13218486	0.149565777	0.212769379	0.486008363	0.151656481	0.010715411	0.159785692	0.829498897	0.351666667	0.510714286	0.213571429	0.04452381	0.669230769	0.330769231	0.399662162	0.289527027	0.192567568	0.0125	0.062837838	0.003716216	0.031418919
198.2	Uster Nossikon	4688	0.058823529	0.206910736	0.734265734	0.057991513	0.478076379	0.463932107	0.198165529	0.24253413	0.352389078	0.206911263	0.148695652	0.199565217	0.513478261	0.13826087	0.011802088	0.192464821	0.795733091	0.169424222	0.562541363	0.309728657	0.030443415	0.862564103	0.137435897	0.357256025	0.307523067	0.23223923	0.031938597	0.041063911	0.005931454	0.02326955
198.3	Uster Rehbühl-Oberuster	5020	0.039800995	0.272866437	0.687332568	0.081632653	0.40861678	0.509750567	0.223705179	0.245219124	0.36314741	0.167928287	0.155918367	0.196938776	0.488367347	0.15877551	0.01328352	0.189705272	0.797011208	0.228397275	0.434922911	0.385442811	0.034420939	0.816326531	0.183673469	0.319706017	0.282498852	0.283417547	0.027101516	0.062011943	0.00597152	0.024804777
198.4	Uster Eschenbühl-Gschwader	6648	0.029519258	0.237278606	0.733202137	0.065253395	0.524677045	0.410069559	0.196299639	0.344464501	0.313327316	0.145908544	0.167419355	0.235	0.480967742	0.116612903	0.010529675	0.254307594	0.735162731	0.281179138	0.60191484	0.208364827	0.025699169	0.626409018	0.373590982	0.379365588	0.294136495	0.250560718	0.023069529	0.030118552	0.009291894	0.020185838
198.5	Uster Wil-Niederuster	5400	0.046407186	0.198727545	0.754865269	0.044270833	0.412326389	0.543402778	0.237592593	0.25	0.368333333	0.144074074	0.191277137	0.173088207	0.483473499	0.152161158	0.012929293	0.16	0.827070707	0.180223285	0.431897927	0.460606061	0.031259968	0.72027027	0.27972973	0.307055749	0.305749129	0.308797909	0.027874564	0.047473868	0	0.013501742
198.6	Uster Dörfer	5370	0.073446328	0.157894737	0.768658935	0.03255814	0.493023256	0.474418605	0.22849162	0.229795158	0.424208566	0.117504655	0.148513045	0.170589309	0.529465426	0.15143222	0.044429485	0.165264221	0.790306294	0.267508611	0.255262151	0.521239954	0.045158821	0.881081081	0.118918919	0.31424767	0.31602308	0.29915668	0.029738127	0.039946738	0.003106968	0.018641811
199.1	Volketswil Dörfer	6716	0.061060525	0.11006963	0.828869845	0.017885158	0.665202385	0.316912457	0.22260274	0.223942823	0.418254914	0.135199524	0.163777372	0.165754258	0.572384428	0.098083942	0.011684241	0.207466515	0.780849245	0.120694563	0.474807857	0.236549957	0.099060632	0.888964116	0.111035884	0.220707443	0.369196758	0.31724392	0.039056743	0.038319823	0.008106116	0.018054532
199.2	Volketswil Hegnau	6092	0.035153584	0.184982935	0.779863481	0.023133117	0.669642857	0.307224026	0.238017072	0.299080762	0.33338805	0.129514117	0.167649098	0.313453537	0.489944521	0.028952843	0.003841721	0.300038417	0.696119862	0.200251889	0.814861461	0.197732997	0.020780856	0.53255814	0.46744186	0.323639385	0.255504778	0.29538845	0.05567096	0.049023681	0.034067304	0.013710012
199.3	Volketswil Zimikon-Tannboden	5504	0.035489221	0.123383085	0.841127695	0.051978278	0.538013964	0.410007758	0.199309593	0.333393895	0.329578488	0.137718023	0.160700685	0.197638995	0.56664128	0.07501904	0.009110787	0.205539359	0.785349854	0.153983353	0.585612366	0.35255648	0.059453032	0.566929134	0.433070866	0.320081967	0.363114754	0.235655738	0.028688525	0.034016393	0.004508197	0.015983607
200	Wangen-Brüttisellen	8060	0.053386642	0.085606773	0.861006585	0.021956643	0.581712062	0.396331295	0.234119107	0.272952854	0.381761787	0.111166253	0.173431259	0.226130653	0.50921273	0.091225358	0.016448214	0.192238499	0.791313287	0.16270111	0.559709948	0.273056877	0.038295944	0.850911975	0.149088025	0.276352396	0.300772798	0.314064915	0.033384853	0.047913447	0.008037094	0.023183926
213	Brütten-Lufingen-Oberembrach	4736	0.082582583	0.041666667	0.875750751	0.017732151	0.714419039	0.26784881	0.233530405	0.216005068	0.405616554	0.144847973	0.170037927	0.134007585	0.57585335	0.120101138	0.045179508	0.220250101	0.734570391	0.104510451	0.499083242	0.346534653	0.072240557	0.922036595	0.077963405	0.291832669	0.330677291	0.302290837	0.02440239	0.031374502	0.001494024	0.013446215
217	Elgg-Elsau	8667	0.092852371	0.09663772	0.810509909	0.029936831	0.571820928	0.398242241	0.235144802	0.232952579	0.365985924	0.165916696	0.176288537	0.18604928	0.539578622	0.098083561	0.03582592	0.247174802	0.716999279	0.184055318	0.672971324	0.239780354	0.035184055	0.930957684	0.069042316	0.287895928	0.344457014	0.275452489	0.051470588	0.054864253	0.004242081	0.008484163
221	Hettlingen-Thalheim	5235	0.079793129	0.050609531	0.86959734	0.014831461	0.65258427	0.33258427	0.287297039	0.17382999	0.419675263	0.119197708	0.214666667	0.171809524	0.509333333	0.104190476	0.049794239	0.185596708	0.764609053	0.053209749	0.510127017	0.404737384	0.016477858	0.959000641	0.040999359	0.267598602	0.286070894	0.356465302	0.027458812	0.051922117	0.003494758	0.011482776
223	Neftenbach	5347	0.069360269	0.091919192	0.838720539	0.045343137	0.64869281	0.305964052	0.237329344	0.238264447	0.393304657	0.131101552	0.167591353	0.168739239	0.576621389	0.08704802	0.029486713	0.180560612	0.789952676	0.105596269	0.574950033	0.36775483	0.022651566	0.931475904	0.068524096	0.27929597	0.304770727	0.329782307	0.031496063	0.032885595	0.010189903	0.022695692
224	Pfungen Rorbas	8948	0.078021315	0.051679067	0.870299618	0.021184401	0.665623495	0.313192104	0.239606616	0.26262852	0.364997765	0.132767099	0.175350011	0.196121184	0.560362635	0.068166169	0.026663776	0.21331021	0.760026013	0.172829248	0.649148317	0.196302451	0.017033652	0.887943262	0.112056738	0.276724375	0.322341303	0.317669689	0.021984062	0.045067326	0.006870019	0.018136851
225	Rickenbach-Altikon	5695	0.068031704	0.067371202	0.864597094	0.015600624	0.711778471	0.272620905	0.226163301	0.234942932	0.386128183	0.152765584	0.165251941	0.185840708	0.567816507	0.081090843	0.042847025	0.218130312	0.739022663	0.186220344	0.632109197	0.372440689	0.043873903	0.938834391	0.061165609	0.279418057	0.332477535	0.290971331	0.035087719	0.059477963	0.007274283	0.009413778
227	Seuzach	7455	0.062042807	0.080195069	0.857762124	0.037741833	0.580082461	0.382175706	0.212608987	0.215157612	0.358685446	0.213547954	0.153782895	0.185718202	0.540433114	0.120065789	0.007337834	0.196947461	0.795714705	0.08809747	0.562089972	0.264761012	0.025304592	0.913152926	0.086847074	0.308402585	0.353955063	0.252385349	0.029547553	0.058171745	0.004309018	0.011695906
228	Turbenthal Wila	7309	0.079561043	0.12094193	0.799497028	0.04105656	0.729256388	0.229687051	0.220550007	0.258722123	0.391982487	0.128745382	0.149561699	0.2	0.591233985	0.059204316	0.049764793	0.281010151	0.669225056	0.272138728	0.719768786	0.138728324	0.040231214	0.913173653	0.086826347	0.299806576	0.308833011	0.280786589	0.044165055	0.04964539	0.003223727	0.017408124
229	Wiesendangen Hagenbuch	7346	0.072380455	0.060621897	0.866997648	0.021356784	0.670226131	0.308417085	0.24312551	0.202286959	0.391097196	0.163490335	0.174902832	0.172820655	0.55719045	0.095086063	0.040288969	0.20505696	0.754654071	0.182047403	0.563287948	0.333333333	0.042360061	0.956325301	0.043674699	0.251724138	0.35	0.323448276	0.03862069	0.037586207	0.004827586	0.004482759
230.11	Winterthur Kreis 1 Stadt Altstadt-Vogelsang	5026	0.082156973	0.415302089	0.502540937	0.185989492	0.170577933	0.643432574	0.150218862	0.368284918	0.355750099	0.12574612	0.105531433	0.162356051	0.478383991	0.253728526	0	0.114453891	0.885546109	0.321730723	0.585206672	0.188542422	0.05728789	0.640822785	0.359177215	0.535996264	0.208051182	0.147751602	0.015163052	0.026094555	0.007052582	0.033147137
230.12	Winterthur Kreis 1 Stadt Tössfeld-Neuwilen	7064	0.034945055	0.371648352	0.593406593	0.140972581	0.23874806	0.620279359	0.173272933	0.402180068	0.294733862	0.129813137	0.129175329	0.18031878	0.44005544	0.25045045	0.018811136	0.162528217	0.818660647	0.405419957	0.622577172	0.13603733	0.035355348	0.567567568	0.432432432	0.489219305	0.232078955	0.152978929	0.017229709	0.039680541	0.005221124	0.034459417
230.13	Winterthur Kreis 1 Stadt Lind	4932	0.073911576	0.437732028	0.488356396	0.206247326	0.237911853	0.555840822	0.193227899	0.298864558	0.342254663	0.165652879	0.141652291	0.143952463	0.424190148	0.290205099	0.006493506	0.118792972	0.874713522	0.277700639	0.631768953	0.192446543	0.049153013	0.712018141	0.287981859	0.461328859	0.235964804	0.222223093	0.009422887	0.021594117	0.003140962	0.024735079
230.21	Winterthur Kreis 2 Oberwinterthur Talacker	5154	0.051115911	0.457883369	0.49100072	0.104397863	0.34730785	0.548294287	0.188009313	0.280558789	0.355258052	0.176173846	0.135256285	0.229584876	0.462872734	0.172286104	0.003584229	0.155316607	0.841099164	0.285792052	0.632280893	0.122210125	0.045998911	0.831809872	0.168190128	0.443576801	0.267548079	0.190438153	0.024145533	0.03154497	0.008178326	0.023756089
230.22	Winterthur Kreis 2 Oberwinterthur Guggenbühl	4626	0.022232734	0.47871334	0.499053926	0.045357524	0.475987193	0.478655283	0.207738867	0.314526589	0.321011673	0.156722871	0.167686381	0.342397462	0.430319511	0.059596646	0.010504202	0.290441176	0.699054622	0.298750473	0.815221507	0.125709958	0.007951534	0.759385666	0.240614334	0.402403846	0.260576923	0.259615385	0.03125	0.033173077	0.006730769	0.017788462
230.23	Winterthur Kreis 2 Oberwinterthur Grüze-Hegi	6529	0.031542368	0.430900829	0.537556803	0.065043157	0.378236745	0.556720099	0.219329147	0.40634094	0.28595497	0.088374943	0.183267561	0.190370955	0.477979479	0.148382005	0.008849558	0.21296032	0.778190123	0.187969925	0.744650087	0.183053788	0.018507808	0.732745962	0.267254038	0.29292196	0.315426497	0.282395644	0.015607985	0.03738657	0.007259528	0.050816697
230.24	Winterthur Kreis 2 Oberwinterthur Zinzikon-Dörfer	4837	0.042185617	0.474085978	0.483728405	0.058058523	0.433348816	0.508592661	0.22472607	0.289435601	0.330576804	0.155261526	0.159638554	0.242254733	0.472030981	0.126075731	0.021276596	0.236213634	0.74250977	0.166793893	0.725572519	0.213358779	0.009923664	0.818059299	0.181940701	0.344941176	0.294117647	0.266823529	0.037176471	0.043764706	0.005176471	0.021647059
230.31	Winterthur Kreis 3 Seen Waser	4405	0.027610442	0.564759036	0.407630522	0.10508281	0.426042262	0.468874929	0.172077185	0.264245176	0.307604994	0.256072645	0.132681564	0.301210428	0.505121043	0.060986965	0	0.244919786	0.755080214	0.188685637	0.792682927	0.118563686	0.008468835	0.341463415	0.658536585	0.424129565	0.27584197	0.198768479	0.026141886	0.059044605	0	0.013521665
230.32	Winterthur Kreis 3 Seen Ganzenbühl-Waldegg	6668	0.037514654	0.468933177	0.493552169	0.088495575	0.40367597	0.507828455	0.196760648	0.275194961	0.327234553	0.200809838	0.149172932	0.193684211	0.551278195	0.105864662	0.005761844	0.183418694	0.810819462	0.149147366	0.78086027	0.182489183	0.01323492	0.698630137	0.301369863	0.342857143	0.330564784	0.236877076	0.025249169	0.03255814	0.009634551	0.030564784
230.33	Winterthur Kreis 3 Seen Oberseen-Sonnenberg	6571	0.068539673	0.441494288	0.489966039	0.049981758	0.483765049	0.466253192	0.278648608	0.221731852	0.367676153	0.131943388	0.206260925	0.17447958	0.467344669	0.151914826	0.02858115	0.18475672	0.78666213	0.057187622	0.60987074	0.290246769	0.018018018	0.919569348	0.080430652	0.23358271	0.30964256	0.377805486	0.040315877	0.032418953	0.011637573	0.012468828
230.41	Winterthur Kreis 4 Töss Schlosstal	4327	0.04360587	0.440251572	0.516142558	0.114656032	0.408773679	0.476570289	0.172868038	0.324012018	0.358446961	0.144672984	0.136578769	0.269326121	0.486364661	0.107730449	0.007352941	0.231158088	0.761488971	0.360828025	0.687898089	0.117515924	0.020382166	0.647515528	0.352484472	0.486287132	0.224339297	0.166177257	0.025363897	0.050727794	0.003498469	0.025801206
230.42	Winterthur Kreis 4 Töss Dättnau	5379	0.041953232	0.390302613	0.567744154	0.040572792	0.561256961	0.398170247	0.251161926	0.292805354	0.356014129	0.100018591	0.188635929	0.279510235	0.455519418	0.076334417	0.005967922	0.24766878	0.746363297	0.197574335	0.729655712	0.210485133	0.008607199	0.7763329	0.2236671	0.296030607	0.222859876	0.356288857	0.041128647	0.075561932	0.010521282	0.014347202
230.51	Winterthur Kreis 5 Veltheim Rosenberg	4630	0.04322527	0.448462178	0.508312552	0.174493327	0.289668809	0.535837865	0.214686825	0.246436285	0.341684665	0.197192225	0.157790493	0.19784331	0.450484155	0.193882042	0.011121409	0.121872104	0.867006487	0.301759641	0.595282666	0.1740921	0.043429427	0.921973094	0.078026906	0.39350348	0.289559165	0.210208817	0.026914153	0.051508121	0.005104408	0.029698376
230.52	Winterthur Kreis 5 Veltheim Blumenau	5065	0.026818639	0.40295005	0.570231311	0.156372166	0.241985927	0.601641908	0.185587364	0.396446199	0.300691017	0.11727542	0.141017904	0.249647958	0.419633876	0.189700262	0.011958146	0.173766816	0.814275037	0.324214518	0.731310943	0.108071506	0.023293608	0.69198895	0.30801105	0.489427143	0.210303729	0.178392926	0.026143791	0.06497501	0.003460208	0.036524414
230.61	Winterthur Kreis 6 Wülflingen Lindenplatz	5244	0.061376075	0.383893667	0.554730258	0.112825458	0.369816779	0.517357763	0.192982456	0.284324943	0.331426392	0.191266209	0.135312259	0.264070933	0.491133385	0.109483423	0.009787234	0.209361702	0.780851064	0.260462394	0.714954639	0.11237928	0.028972783	0.825925926	0.174074074	0.464258263	0.241352806	0.184857802	0.029208301	0.054189085	0.003843198	0.033435819
230.62	Winterthur Kreis 6 Wülflingen Härti	4913	0.039215686	0.428171269	0.532613045	0.048575432	0.452125175	0.499299393	0.192550377	0.329737431	0.308772644	0.168939548	0.150223737	0.261453228	0.494353292	0.093969742	0.003026373	0.185473411	0.811500216	0.108273381	0.794964029	0.178417266	0.014388489	0.731160896	0.268839104	0.358102059	0.304834378	0.235899731	0.032229185	0.044762757	0.005819158	0.01656222
230.63	Winterthur Kreis 6 Wülflingen Oberfeld-Neuburg	4769	0.023332118	0.449872402	0.526795479	0.07195122	0.482926829	0.445121951	0.21534913	0.316837912	0.326902915	0.140910044	0.147484345	0.192830922	0.531202764	0.128481969	0.006311637	0.195266272	0.798422091	0.147744361	0.759398496	0.196616541	0.021052632	0.768115942	0.231884058	0.323011701	0.300420108	0.244662136	0.035089069	0.053835283	0.009132771	0.025475625
230.71	Winterthur Kreis 7 Mattenbach Deutweg-Breiti	6478	0.03005387	0.469804366	0.500141764	0.175364668	0.270988655	0.553646677	0.209786971	0.329268293	0.313985798	0.146958938	0.155455673	0.204277743	0.463732176	0.176534408	0.008097166	0.146371847	0.845530987	0.246890401	0.716029101	0.105374325	0.029335837	0.799479167	0.200520833	0.443045941	0.23285085	0.202013845	0.035871617	0.04940214	0.00188798	0.035556954
230.72	Winterthur Kreis 7 Mattenbach Gutschick-Endliker	5404	0.020789139	0.532032244	0.447178617	0.126760563	0.38028169	0.492957746	0.204293116	0.286824574	0.300333087	0.208549223	0.153696498	0.324319066	0.446692607	0.075291829	0.003257329	0.255467659	0.741275012	0.26959847	0.805790768	0.077847583	0.010925977	0.419642857	0.580357143	0.459615385	0.246923077	0.191923077	0.020384615	0.043461538	0.009615385	0.016153846
231	Zell	5498	0.072817385	0.095310713	0.831871902	0.026593306	0.590554791	0.382851903	0.250818479	0.246271371	0.373408512	0.129501637	0.194259259	0.227037037	0.496111111	0.082592593	0.033962264	0.246960168	0.719077568	0.219350772	0.783170501	0.226914592	0.016388276	0.885328836	0.114671164	0.339540927	0.263317453	0.302295366	0.024252923	0.062797748	0.00822867	0.009961022
242.1	Birmensdorf Dorf	4678	0.063983903	0.113078471	0.822937626	0.01140873	0.511904762	0.476686508	0.207567336	0.246259085	0.395040616	0.151132963	0.151377142	0.19952288	0.499457818	0.14964216	0.017857143	0.150696864	0.831445993	0.365118752	0.401276143	0.177951081	0.079049982	0.865879828	0.134120172	0.334263164	0.336125354	0.239757005	0.025139569	0.037243807	0	0.024674022
243.1	Dietikon Dorf	4242	0.029694688	0.163948139	0.806357173	0.049877751	0.457701711	0.492420538	0.181046676	0.290193305	0.331683168	0.197076851	0.119314122	0.308168612	0.485115504	0.087401762	0.003733084	0.226784881	0.769482035	0.37385399	0.555517827	0.141595925	0.038709677	0.659574468	0.340425532	0.444337294	0.269065653	0.186166905	0.020843114	0.031264671	0.0132638	0.022737943
243.2	Dietikon Schönenwerd	4274	0.035911602	0.140883978	0.82320442	0.057015092	0.47177194	0.471212968	0.232569022	0.329199813	0.298081423	0.140149743	0.16775854	0.386991109	0.384183435	0.061066916	0.004511278	0.262155388	0.733333333	0.478017586	0.587529976	0.173860911	0.009192646	0.446308725	0.553691275	0.357865635	0.21567087	0.28438953	0.027487464	0.061846794	0.012157917	0.021144203
243.3	Dietikon Vorstadt-Grünau	4614	0.048136646	0.169642857	0.782220497	0.07079646	0.444690265	0.484513274	0.210663199	0.341785869	0.339401821	0.108149111	0.1524099	0.331524099	0.420755536	0.095310465	0	0.212253829	0.787746171	0.460813008	0.544390244	0.140813008	0.023414634	0.595092025	0.404907975	0.365658164	0.267414489	0.234826344	0.021565685	0.038818232	0.021565685	0.028275009
243.4	Dietikon Moos	4323	0.029049296	0.186619718	0.784330986	0.038080334	0.501304121	0.460615545	0.214897062	0.337497108	0.30210502	0.14550081	0.152491309	0.368945539	0.412282735	0.066280417	0	0.240174672	0.759825328	0.407730201	0.64607806	0.200454718	0.021220159	0.490797546	0.509202454	0.348366684	0.273228772	0.239075175	0.022068478	0.034679036	0.027848317	0.024695677
243.5	Dietikon Oberdorf-Wirebenmatt	5015	0.069686411	0.194686411	0.735627178	0.034126163	0.556876939	0.408996898	0.186241276	0.231505484	0.330807577	0.251445663	0.141587433	0.253203803	0.524596941	0.080611823	0.005681818	0.23342803	0.760890152	0.329974811	0.577905721	0.352284995	0.054336092	0.900558659	0.099441341	0.324086306	0.36900044	0.220167327	0.030823426	0.033025099	0.009687362	0.014531044
244	Geroldswil-Oetwil	6998	0.062634989	0.059395248	0.877969762	0.027089528	0.692765114	0.280145358	0.169334095	0.241068877	0.399828522	0.189768505	0.131201435	0.192169755	0.567393903	0.109234907	0.002322206	0.17329463	0.824383164	0.269142595	0.489454379	0.233149931	0.088491518	0.823987539	0.176012461	0.330926217	0.340345369	0.2433281	0.035478807	0.030141287	0.005651491	0.017896389
245	Oberengstringen	6395	0.044895449	0.044587946	0.910516605	0.014705882	0.541606887	0.443687231	0.190304926	0.250820954	0.328068804	0.230805317	0.134864365	0.236436498	0.511405672	0.117293465	0.008304498	0.173702422	0.81799308	0.314372778	0.542153377	0.164550533	0.065769426	0.783532537	0.216467463	0.405311413	0.294973127	0.200442618	0.021182422	0.049320266	0.005374644	0.013910844
247.1	Schlieren Dorf	5083	0.042744253	0.156968391	0.800287356	0.049500651	0.398176292	0.552323057	0.168797954	0.289396026	0.340153453	0.201652567	0.120909269	0.324710954	0.465608466	0.088771311	0.00324412	0.218572587	0.778183293	0.421839454	0.579460513	0.074748131	0.047448814	0.706840391	0.293159609	0.409589362	0.289844941	0.187150222	0.029737853	0.033306395	0.011102132	0.029737853
247.2	Schlieren Station-Spital Limmattal	4612	0.032395567	0.126598465	0.841005968	0.043777668	0.408755534	0.547466798	0.213139636	0.369037294	0.31114484	0.106678231	0.176672777	0.365490376	0.398487626	0.059349221	0.003761166	0.174894217	0.821344617	0.506550218	0.46605796	0.069868996	0.137356094	0.44966443	0.55033557	0.388647223	0.257786259	0.21449391	0.03296122	0.044276266	0.026073801	0.025581842
247.3	Schlieren Lacheren-Mülligen	6255	0.053941909	0.141632089	0.804426003	0.047817048	0.478516979	0.473665974	0.217905675	0.368505196	0.30951239	0.104076739	0.166395576	0.348243331	0.417371503	0.06798959	0.004643963	0.199690402	0.795665635	0.592049093	0.544023479	0.291622199	0.039754536	0.623636364	0.376363636	0.356392641	0.247103837	0.261552188	0.031860465	0.033712817	0.020005408	0.037787993
248.1	Uitikon Birmensdorf-Waldegg	4733	0.063873911	0.076316881	0.859809208	0.012012012	0.606106106	0.381881882	0.176420875	0.190788084	0.379674625	0.253116417	0.133263816	0.122210636	0.506152242	0.238373306	0.01559633	0.081651376	0.902752294	0.104467806	0.185611038	0.230946124	0.346254928	0.879692833	0.120307167	0.318283574	0.40239189	0.189022373	0.014608286	0.03895543	0.00664013	0.018149689
250.1	Urdorf Niederurdorf	4759	0.04814657	0.115892629	0.835960801	0.057986294	0.51555087	0.426462836	0.217692793	0.243748687	0.36100021	0.177558311	0.176289791	0.221514819	0.503622393	0.098572997	0.007677543	0.142994242	0.849328215	0.371906588	0.467061694	0.285813872	0.051237365	0.852439024	0.147560976	0.361281206	0.300989166	0.246349505	0.031559114	0.049458314	0.00612341	0.020725389
250.2	Urdorf Oberurdorf	4610	0.022673031	0.140015911	0.837311058	0.045321637	0.536549708	0.418128655	0.20845987	0.277874187	0.343817787	0.169848156	0.148311631	0.222688148	0.556389318	0.072610903	0.003476749	0.191221208	0.805302043	0.251089109	0.368712871	0.495445545	0.05029703	0.668997669	0.331002331	0.378163074	0.298031865	0.244142455	0.031396439	0.041237113	0.002343018	0.016869728
251	Weiningen-Unterengstringen	7299	0.07568113	0.049949546	0.874369324	0.025400665	0.615966132	0.358633202	0.201260447	0.246883135	0.384025209	0.16783121	0.147191011	0.210252809	0.518960674	0.123595506	0.004844685	0.197492163	0.797663152	0.31277245	0.410636443	0.284655623	0.126634699	0.837735849	0.162264151	0.293633196	0.336712068	0.255622426	0.030091859	0.034209693	0.011086475	0.023756731
261.01	Zürich Kreis 1 City-Niederdorf	6773	0.101082335	0.650947043	0.247970622	0.162080283	0.082807372	0.755112345	0.129927654	0.360992175	0.345046508	0.164033663	0.092390514	0.105776226	0.357485814	0.444347447	0.000522057	0.038371182	0.961106761	0.349074231	0.502463054	0.194666214	0.08748089	0.032078103	0.967921897	0.631796739	0.174381266	0.103063799	0.004247749	0.019450218	0.001341394	0.024368664
261.021	Zürich Kreis 2 Enge	5852	0.053751996	0.678020224	0.268227781	0.139623844	0.17341409	0.686962066	0.167293233	0.368762816	0.316473001	0.14747095	0.131011609	0.127860697	0.363681592	0.377446103	0.001214698	0.082295779	0.916489523	0.319286872	0.519796249	0.210928456	0.07385969	0.065217391	0.934782609	0.51767327	0.221518781	0.166288357	0.011046085	0.028958655	0.002388343	0.033436797
261.022	Zürich Kreis 2 Wollishofen See	5611	0.04566072	0.66223163	0.29210765	0.042953497	0.22257721	0.734469294	0.149171271	0.36802709	0.307253609	0.175548031	0.11586582	0.141613781	0.414143246	0.328377153	0.005119454	0.053242321	0.941638225	0.227222832	0.584522503	0.225850714	0.057903403	0.087748344	0.912251656	0.570102136	0.219127205	0.138966264	0.017022594	0.033116682	0.00185701	0.023522129
261.023	Zürich Kreis 2 Wollishofen Moos	5470	0.051526091	0.658024286	0.290449623	0.028539241	0.211791213	0.759669546	0.14369287	0.322486289	0.345703839	0.188117002	0.114547537	0.167430317	0.448453608	0.269568538	0.009669022	0.077352176	0.912978803	0.244292237	0.709791984	0.124048706	0.03957382	0.19858156	0.80141844	0.61575179	0.182875895	0.136933174	0.011933174	0.038484487	0.001193317	0.012529833
261.024	Zürich Kreis 2 Wollishofen Manegg-Paradies	5204	0.040392157	0.672156863	0.28745098	0.067056706	0.272277228	0.660666067	0.216756341	0.266525749	0.324558032	0.192159877	0.165342121	0.187827098	0.450281062	0.196549719	0.005390836	0.102875112	0.891734052	0.204412272	0.701137539	0.18855567	0.032747329	0.030769231	0.969230769	0.473887814	0.208897485	0.216634429	0.017408124	0.061895551	0.001547389	0.023597679
261.025	Zürich Kreis 2 Leimbach	6010	0.034433286	0.691535151	0.274031564	0.036842105	0.301214575	0.66194332	0.243926789	0.267886855	0.31547421	0.172712146	0.195243839	0.217301396	0.4556264	0.131828365	0.006112469	0.111654442	0.882233089	0.167016807	0.730742297	0.201680672	0.039565826	0.137085137	0.862914863	0.402497246	0.253764231	0.274697025	0.015424165	0.031950055	0.00183621	0.016525891
261.031	Zürich Kreis 3 Alt-Wiedikon Manesseplatz	5549	0.052542849	0.667041304	0.280415847	0.135071882	0.144098964	0.720829154	0.132816724	0.453775455	0.294107046	0.119300775	0.102591988	0.215515679	0.36867863	0.313213703	0.000674764	0.080634278	0.918690958	0.401809955	0.616968326	0.154751131	0.03800905	0.015184382	0.984815618	0.606174264	0.180323139	0.097518754	0.009521062	0.027697634	0.003462204	0.055683785
261.032	Zürich Kreis 3 Alt-Wiedikon Heuried	4610	0.02918956	0.70364011	0.26717033	0.122377622	0.165501166	0.712121212	0.132321041	0.396963124	0.344902386	0.125813449	0.106921029	0.186779059	0.383318545	0.322981366	0.00644672	0.085324232	0.908229048	0.302642332	0.67038954	0.151184963	0.04440207	0	1	0.601688951	0.189655172	0.114004222	0.01442646	0.032371569	0.006685433	0.034482759
261.033	Zürich Kreis 3 Alt-Wiedikon Giesshübel	4944	0.0427157	0.704101839	0.253182461	0.126230064	0.167628096	0.706141839	0.169498382	0.420105178	0.303802589	0.106593851	0.146975156	0.11208041	0.368480941	0.372463493	0.00667334	0.062729396	0.930597264	0.232748538	0.704093567	0.177777778	0.043567251	0.02284264	0.97715736	0.518705909	0.229448526	0.145353647	0.014136639	0.0279108	0.002899823	0.049296998
261.034	Zürich Kreis 3 Sihlfeld Wiedikon	4465	0.051481481	0.687037037	0.261481481	0.174885845	0.115981735	0.70913242	0.214557671	0.44568869	0.256886898	0.082866741	0.172962227	0.240114866	0.279876298	0.307046609	0.000878735	0.087434095	0.91168717	0.372244645	0.608506675	0.168891649	0.05153679	0	1	0.52198681	0.219631534	0.127808181	0.00951323	0.02895331	0.004136187	0.059147475
261.035	Zürich Kreis 3 Sihlfeld Kalkbreite	4332	0.032963446	0.693537859	0.273498695	0.166097838	0.115661737	0.718240425	0.108033241	0.47345337	0.320867959	0.097645429	0.080026602	0.212369763	0.360895589	0.346708047	0	0.08158597	0.91841403	0.328378378	0.701351351	0.13972973	0.028378378	0.012195122	0.987804878	0.587963421	0.175199401	0.081110834	0.014419704	0.031723348	0.005046896	0.085797237
261.036	Zürich Kreis 3 Sihlfeld Burstwiesen	4625	0.033280507	0.723058637	0.243660856	0.086792453	0.16509434	0.748113208	0.147243243	0.335783784	0.307027027	0.209945946	0.120114816	0.253698388	0.454404946	0.17178185	0.004923903	0.102506714	0.892569382	0.226961991	0.760732841	0.163795461	0.021602406	0.022641509	0.977358491	0.592588574	0.195536645	0.124848038	0.008440431	0.032706669	0.002461792	0.019342654
261.037	Zürich Kreis 3 Sihlfeld Friedhof	6089	0.032524522	0.66675271	0.300722767	0.092921643	0.153218759	0.753859598	0.156019051	0.408934144	0.313516177	0.121530629	0.116178589	0.230596896	0.37606017	0.277164346	0.001774623	0.08606921	0.912156167	0.304037006	0.73843566	0.093566022	0.023549201	0.024691358	0.975308642	0.58112151	0.163126589	0.11942712	0.021171171	0.05455648	0.000814276	0.037999538
261.038	Zürich Kreis 3 Friesenberg Albisgütli	4848	0.06390182	0.700380872	0.235717309	0.048621554	0.263659148	0.687719298	0.248556106	0.243193069	0.344265677	0.163985149	0.193513514	0.227891892	0.42227027	0.156324324	0.00815739	0.090211132	0.901631478	0.241046832	0.760789715	0.158402204	0.018365473	0.062576687	0.937423313	0.411116215	0.213137345	0.272852549	0.023886082	0.077170418	0.001378043	0.008727607
261.039	Zürich Kreis 3 Friesenberg Triemlispital	5413	0.047922127	0.68214152	0.269936353	0.088888889	0.165079365	0.746031746	0.290781452	0.246628487	0.32366525	0.138924811	0.211549679	0.25004861	0.380322769	0.158078942	0.007905138	0.10188845	0.890206412	0.284013605	0.681547619	0.274659864	0.039965986	0.182841069	0.817158931	0.37472511	0.204843751	0.30255915	0.013895309	0.054236529	0.004930594	0.02868709
261.041	Zürich Kreis 4 Werd-Aussersihl	6117	0.07626943	0.652020725	0.271709845	0.172800835	0.106499608	0.720699556	0.121955207	0.503187837	0.292463626	0.08239333	0.096165551	0.159312234	0.346469872	0.398052343	0.007226514	0.089708448	0.903065039	0.393974066	0.569221968	0.138062548	0.063691838	0.023423423	0.976576577	0.601881506	0.192958313	0.074956883	0.002226442	0.0141008	0.001484295	0.064814202
261.042	Zürich Kreis 4 Langstrasse Helvetiaplatz-Dienerstrasse	5801	0.05130007	0.664792691	0.283907238	0.137283661	0.123203285	0.739513054	0.093776935	0.47629719	0.346836752	0.083089123	0.071915474	0.231935924	0.37338105	0.322767553	0.004720911	0.110247154	0.885031936	0.318089842	0.710036423	0.126669365	0.020639417	0.026768642	0.973231358	0.597551464	0.167688204	0.080469572	0.014536439	0.011421488	0.000519159	0.089814425
261.043	Zürich Kreis 4 Hard Sihlfeld-Bullingerplatz	6230	0.048548813	0.689709763	0.261741425	0.133438486	0.149842271	0.716719243	0.159390048	0.391653291	0.332102729	0.116853933	0.115605096	0.312261146	0.377070064	0.195063694	0.015483871	0.137096774	0.847419355	0.28634269	0.795559279	0.109551739	0.010892333	0.011961722	0.988038278	0.492316173	0.190909914	0.135951	0.032975349	0.050620053	0.004917377	0.06566144
261.044	Zürich Kreis 4 Hard Eichbühl	4391	0.034453424	0.692471289	0.273075287	0.063387424	0.165821501	0.770791075	0.183101799	0.340013664	0.334092462	0.142792075	0.129186603	0.399521531	0.324401914	0.146889952	0.005684755	0.123514212	0.870801034	0.329210008	0.712398088	0.178802362	0.025021085	0.004524887	0.995475113	0.533594996	0.16147712	0.170377433	0.024157994	0.044925393	0.007205016	0.047044515
261.051	Zürich Kreis 5 Gewerbeschule	5585	0.05387121	0.629917314	0.316211476	0.139739315	0.086996059	0.773264626	0.112264996	0.474306177	0.322112802	0.091316025	0.092660073	0.247440569	0.318584071	0.341315287	0.00061237	0.124617269	0.874770361	0.376233376	0.616688117	0.151651652	0.044830545	0.030120482	0.969879518	0.574717317	0.201024719	0.09714323	0.011230431	0.022180102	0.003088369	0.056994438
261.052	Zürich Kreis 5 Escher-Wyss	6080	0.042055013	0.697885883	0.260059104	0.130936042	0.119681581	0.749382377	0.154276316	0.397532895	0.379769737	0.068421053	0.127726371	0.131196299	0.377726371	0.363350958	0.004688721	0.073977598	0.921333681	0.243204234	0.647341833	0.224200144	0.050276642	0.015	0.985	0.491793313	0.241641337	0.132826748	0.005471125	0.035258359	0.007294833	0.07993921
261.061	Zürich Kreis 6 Unterstrass Neumühle	4773	0.044041451	0.616004606	0.339953944	0.089297887	0.133265167	0.777436946	0.115441022	0.464278232	0.334380893	0.085899853	0.096794081	0.091039868	0.313193588	0.498972462	0.003732609	0.057685782	0.938581608	0.336453597	0.553891415	0.174110725	0.071409468	0.018108652	0.981891348	0.579451602	0.207466138	0.109679551	0.003964321	0.033696729	0	0.044598612
261.062	Zürich Kreis 6 Unterstrass Milchbuck	5197	0.038473768	0.671860095	0.289666137	0.09379562	0.125547445	0.780656934	0.187223398	0.329228401	0.350009621	0.13353858	0.146726422	0.130358535	0.36340608	0.359508963	0.00143472	0.053084648	0.945480631	0.308614705	0.598295992	0.180183023	0.067213632	0.007662835	0.992337165	0.532074127	0.188168211	0.17106201	0.011047755	0.048467569	0.005345688	0.042765502
261.063	Zürich Kreis 6 Unterstrass Laubiweg	5515	0.035215947	0.703322259	0.261461794	0.060775541	0.165920955	0.773303505	0.221214869	0.328739801	0.312239347	0.137805984	0.173847883	0.171037842	0.34226302	0.312851255	0.010030864	0.08912037	0.900848765	0.275101026	0.642834939	0.148896487	0.0562636	0.011744966	0.988255034	0.515539305	0.191590494	0.18976234	0.020109689	0.043510055	0.004387569	0.040219378
261.064	Zürich Kreis 6 Unterstrass Nordheim-Allenmoos	4920	0.017016655	0.659666908	0.323316437	0.087398374	0.191869919	0.720731707	0.17703252	0.36097561	0.306910569	0.155081301	0.142147734	0.205876267	0.422304987	0.229671012	0	0.137320977	0.862679023	0.274372446	0.704611792	0.191185055	0.032107414	0.033596838	0.966403162	0.523809524	0.186755952	0.172619048	0.015625	0.046502976	0.00297619	0.040178571
261.065	Zürich Kreis 6 Oberstrass Universitätstrasse	4985	0.055804238	0.651148911	0.293046852	0.131635581	0.131635581	0.736728838	0.150451354	0.332397192	0.388565697	0.128585757	0.118249901	0.08454868	0.307646827	0.489554592	0.006333568	0.087262491	0.906403941	0.393888422	0.500981217	0.204093075	0.096439585	0.022222222	0.977777778	0.554821895	0.20193761	0.151284363	0.017559792	0.015533662	0.003376883	0.030729636
261.066	Zürich Kreis 6 Oberstrass Irchel	4475	0.07026087	0.691478261	0.23826087	0.072493786	0.205053853	0.722452361	0.151731844	0.270614525	0.396201117	0.181452514	0.108732877	0.098030822	0.319991438	0.473244863	0.001969279	0.059866089	0.938164632	0.314827128	0.409906915	0.353058511	0.129986702	0.046814044	0.953185956	0.571779976	0.20689407	0.15611098	0.013542157	0.015046841	0.002257026	0.010532789
261.071	Zürich Kreis 7 Fluntern	6398	0.077761836	0.70989957	0.212338594	0.093398876	0.274578652	0.632022472	0.165520475	0.240856518	0.373866833	0.219756174	0.122257053	0.085535155	0.330198537	0.462009255	0.005697051	0.045241287	0.949061662	0.286319462	0.370047346	0.239720907	0.153251931	0.068899522	0.931100478	0.472739513	0.262982817	0.174558779	0.02375144	0.027471546	0.001144648	0.016597392
261.072	Zürich Kreis 7 Hottingen Zeltweg	4318	0.098220641	0.637366548	0.264412811	0.146635731	0.137354988	0.716009281	0.132468736	0.337193145	0.372626216	0.157711904	0.103012187	0.103242125	0.376868246	0.416877443	0.000861326	0.057278208	0.941860465	0.372056099	0.487959778	0.210902355	0.113257476	0.02134647	0.97865353	0.60507556	0.201691853	0.110345905	0.011692281	0.024480714	0	0.02411533
261.073	Zürich Kreis 7 Hottingen Dolder	4406	0.082149712	0.680614203	0.237236084	0.107750473	0.235349716	0.656899811	0.185201997	0.253744893	0.397639582	0.163413527	0.135135135	0.095583388	0.3021314	0.467150077	0.000907441	0.054900181	0.944192377	0.317304547	0.397121361	0.304219823	0.15407262	0.069411765	0.930588235	0.498878578	0.228105666	0.176412655	0.006564192	0.042667247	0.002871834	0.005743668
261.074	Zürich Kreis 7 Hirslanden	6307	0.056818182	0.681301653	0.261880165	0.069462228	0.137003841	0.793533931	0.166640241	0.317107975	0.347867449	0.168384335	0.125208176	0.127479182	0.366086298	0.381226344	0.002675386	0.073127229	0.924197384	0.307344389	0.512168856	0.214516476	0.093474047	0.027413588	0.972586412	0.540540335	0.209782439	0.149844599	0.013472267	0.030243864	0.001099777	0.033268251
261.075	Zürich Kreis 7 Witikon Zelg	5549	0.075378788	0.646590909	0.278030303	0.026115859	0.353276353	0.620607787	0.168318616	0.199675617	0.35555956	0.276446207	0.12099964	0.139518159	0.457389428	0.282092772	0.003496503	0.066870629	0.929632867	0.237065186	0.506284712	0.271265712	0.087109032	0.17989418	0.82010582	0.524062396	0.245270495	0.170262197	0.020577498	0.032525722	0.000331895	0.013939595
261.076	Zürich Kreis 7 Witikon Dörfer	4379	0.062529833	0.643436754	0.294033413	0.018570625	0.328643782	0.652785594	0.193651519	0.221968486	0.326330212	0.258049783	0.153880464	0.123550401	0.431980375	0.29058876	0.001081081	0.083243243	0.915675676	0.192031587	0.48384781	0.362885858	0.11844939	0.255354201	0.744645799	0.492747306	0.241839168	0.180515665	0.025047628	0.034980308	0	0.015546804
261.081	Zürich Kreis 8 Seefeld	4565	0.070719603	0.62251861	0.306761787	0.099421965	0.112524085	0.78805395	0.102957284	0.383351588	0.347645126	0.166046002	0.08029661	0.093644068	0.390889831	0.435169492	0.00286944	0.06025825	0.93687231	0.313815188	0.534080512	0.199908509	0.088746569	0.019130435	0.980869565	0.652948224	0.161113008	0.081185852	0.006922825	0.032096732	0.000944022	0.029579341
261.082	Zürich Kreis 8 Riesbach	4569	0.053991388	0.685657502	0.26035111	0.070707071	0.117471006	0.811821923	0.122565113	0.42219304	0.30531845	0.149923397	0.097139197	0.102690009	0.372331341	0.427839453	0.003888025	0.06881804	0.927293935	0.359521576	0.571060038	0.219277674	0.071294559	0.024439919	0.975560081	0.640680023	0.15892063	0.110278257	0.00866234	0.026320188	0.003331669	0.030318191
261.083	Zürich Kreis 8 Tiefenbrunnen-Balgrist	4995	0.040289256	0.713498623	0.246212121	0.116610738	0.206375839	0.677013423	0.187187187	0.269269269	0.372572573	0.170970971	0.13953954	0.138138138	0.386586587	0.335735736	0.016996047	0.050988142	0.93201581	0.233861145	0.436053593	0.286540804	0.070950061	0.106412005	0.893587995	0.530018416	0.201473297	0.174953959	0.020994475	0.044198895	0.005156538	0.015837937
261.0901	Zürich Kreis 9 Albisrieden Dörfli	4542	0.040412726	0.694325021	0.265262253	0.069617106	0.224266534	0.70611636	0.164024659	0.289299868	0.321444298	0.225231176	0.13137345	0.181442352	0.505052825	0.182131373	0	0.113225964	0.886774036	0.287894201	0.616141065	0.165818922	0.053916582	0.201183432	0.798816568	0.482276288	0.250295289	0.191282578	0.011802542	0.024826037	0	0.030116832
261.0902	Zürich Kreis 9 Albisrieden Triemli	4899	0.032383925	0.706984003	0.260632072	0.04437472	0.24742268	0.7082026	0.145744029	0.338436416	0.31884058	0.196978975	0.116249197	0.229501177	0.465424963	0.188824663	0.003970004	0.112483458	0.883546537	0.252163164	0.695302843	0.177997528	0.042336218	0.176785714	0.823214286	0.517344275	0.239835882	0.165982842	0.026482656	0.020887728	0.004848937	0.031331593
261.0903	Zürich Kreis 9 Albisrieden Letzigraben	4674	0.031379788	0.709736964	0.258883249	0.058409951	0.209843158	0.73174689	0.135857938	0.272571673	0.306375695	0.285194694	0.105191257	0.248861566	0.469945355	0.176001821	0.004305705	0.122174381	0.873519914	0.255416192	0.717787913	0.14709236	0.033352338	0.018181818	0.981818182	0.570801317	0.229052323	0.131357483	0.020856202	0.035858031	0.000731797	0.018294914
261.0904	Zürich Kreis 9 Albisrieden Albisrank	4552	0.037859483	0.712049509	0.250091008	0.053490481	0.251586582	0.694922937	0.166300527	0.39301406	0.310852373	0.12983304	0.141515761	0.190029063	0.456293315	0.21216186	0	0.138146912	0.861853088	0.246125232	0.696218227	0.144141352	0.046807192	0.024509804	0.975490196	0.470449092	0.225406478	0.188588723	0.016363447	0.027817859	0.004909034	0.045408565
261.0905	Zürich Kreis 9 Altstetten Saumacker	5170	0.032199049	0.681302598	0.286498353	0.059796438	0.238761662	0.7014419	0.165764023	0.321470019	0.341972921	0.170793037	0.126804124	0.265154639	0.444742268	0.163298969	0.003314002	0.151615576	0.845070423	0.289503071	0.711892797	0.144611949	0.032663317	0.107526882	0.892473118	0.550499828	0.197173388	0.15374009	0.013788349	0.046535677	0.006204757	0.028266115
261.0906	Zürich Kreis 9 Altstetten Zwischenbächen	4554	0.028428736	0.658086823	0.313484441	0.069757174	0.256953642	0.673289183	0.151515152	0.344971454	0.315107598	0.188405797	0.113727232	0.212794314	0.502665482	0.170812972	0.011125374	0.136927685	0.851946941	0.267687596	0.658499234	0.176722818	0.03797856	0.080275229	0.919724771	0.519315553	0.246849545	0.145548081	0.016689513	0.029497744	0.001164385	0.024452078
261.0907	Zürich Kreis 9 Altstetten Eichbühl	4619	0.024224806	0.675872093	0.299903101	0.046587216	0.330444204	0.622968581	0.16670275	0.240311756	0.331240528	0.261744966	0.132303559	0.217147974	0.556525632	0.094022834	0	0.153972603	0.846027397	0.223294034	0.686316542	0.167917113	0.058949625	0.05026455	0.94973545	0.495954693	0.256067961	0.17961165	0.024676375	0.03236246	0.002427184	0.013349515
261.0908	Zürich Kreis 9 Altstetten Letzigrund	4759	0.037549407	0.627140975	0.335309618	0.086515978	0.217069369	0.696414653	0.14414793	0.419205715	0.323597394	0.11304896	0.11732433	0.227685166	0.429837518	0.225152986	0	0.13706706	0.86293294	0.25507422	0.692517419	0.148136928	0.037261436	0.036866359	0.963133641	0.452786144	0.283086463	0.147631113	0.022068568	0.036146793	0.001902463	0.046420092
261.0909	Zürich Kreis 9 Altstetten Dorf	4564	0.019173413	0.66084363	0.319982957	0.031524548	0.190697674	0.777777778	0.174189308	0.366345311	0.341367222	0.11809816	0.132054176	0.34785553	0.383747178	0.136343115	0.008514664	0.114947966	0.87653737	0.344464501	0.726534296	0.133574007	0.022563177	0.011764706	0.988235294	0.500812712	0.203065851	0.167768106	0.024500788	0.036958815	0.009551155	0.033636675
261.091	Zürich Kreis 9 Altstetten Grünau	5004	0.042799822	0.679447169	0.277753009	0.007530931	0.334588488	0.657880581	0.226618705	0.28117506	0.326139089	0.166067146	0.171505599	0.388635421	0.378888428	0.060970552	0.001027221	0.167437083	0.831535696	0.285766027	0.65555958	0.245563202	0.030785947	0.068965517	0.931034483	0.447691344	0.191989077	0.23658831	0.035679386	0.053519079	0.009344601	0.014016902
261.101	Zürich Kreis 10 Wipkingen Letten	4999	0.041113219	0.670461733	0.288425047	0.111654135	0.105263158	0.783082707	0.128425685	0.442688538	0.308061612	0.120824165	0.097932972	0.160545856	0.37025888	0.371262292	0.002934703	0.064930301	0.932134996	0.323514728	0.631303045	0.151772341	0.051422866	0.036281179	0.963718821	0.562479284	0.218428903	0.106397083	0.008617832	0.031819688	0.001988731	0.064302287
261.102	Zürich Kreis 10 Wipkingen Bahnhof-Breitenstein	5010	0.052585706	0.664439279	0.282975015	0.142226748	0.128649016	0.729124236	0.109181637	0.451696607	0.316167665	0.122954092	0.087715817	0.183171264	0.392736654	0.336376265	0.00436388	0.104397449	0.891238671	0.33046651	0.666927287	0.143080532	0.039614282	0.02	0.98	0.579409403	0.196009572	0.12003192	0.019792498	0.014046289	0.005107741	0.043735035
261.103	Zürich Kreis 10 Wipkingen Waid	4914	0.045825487	0.650031387	0.304143126	0.075036603	0.141288433	0.783674963	0.132275132	0.412901913	0.318477818	0.136345136	0.107749689	0.14981351	0.408205553	0.334231247	0.006104129	0.082226212	0.911669659	0.32887538	0.592097264	0.231306991	0.055927052	0.034951456	0.965048544	0.567251462	0.198142415	0.130374957	0.022359821	0.031647747	0.003439972	0.053319573
261.104	Zürich Kreis 10 Höngg Dorf	5669	0.053246014	0.666856492	0.279897494	0.090286832	0.26988266	0.639830508	0.149761863	0.346445581	0.350679132	0.153113424	0.112891986	0.118989547	0.407317073	0.360801394	0.006066411	0.095466156	0.898467433	0.330642992	0.485606672	0.254237288	0.091740651	0.092689295	0.907310705	0.473272277	0.269352276	0.147381434	0.01588162	0.034621932	0.000317632	0.032398505
261.105	Zürich Kreis 10 Höngg ETH	5410	0.043738977	0.678659612	0.277601411	0.032190635	0.277591973	0.690217391	0.141219963	0.26284658	0.314048059	0.281885397	0.11234321	0.114524632	0.514633703	0.258498455	0.007774141	0.096972177	0.895253682	0.297540984	0.560655738	0.196721311	0.076502732	0.124343257	0.875656743	0.50504065	0.290081301	0.122276423	0.007154472	0.039349593	0.005203252	0.021463415
261.106	Zürich Kreis 10 Höngg Winzerstrasse	5307	0.048020528	0.639296188	0.312683284	0.04005168	0.259689922	0.700258398	0.169587337	0.288863765	0.30638779	0.235161108	0.135867446	0.17251462	0.450682261	0.240935673	0.004251701	0.106717687	0.889030612	0.254937163	0.591561939	0.213345302	0.055056852	0.060283688	0.939716312	0.49577167	0.25863284	0.165609584	0.009866103	0.041578576	0	0.023960536
261.107	Zürich Kreis 10 Höngg Rütihof	5475	0.052920423	0.611524892	0.335554684	0.025745257	0.357723577	0.616531165	0.212420091	0.244748858	0.370045662	0.172785388	0.170282836	0.154203797	0.483146067	0.192367299	0.004828797	0.104916594	0.890254609	0.138098802	0.587200599	0.322979042	0.042664671	0.155495979	0.844504021	0.414528227	0.255033557	0.240426372	0.023687327	0.047374655	0.007106198	0.016581129
261.1101	Zürich Kreis 11 Oerlikon Friedacker-Viktoria	4578	0.034506797	0.634715929	0.330777274	0.048859935	0.156351792	0.794788274	0.125163827	0.411314985	0.304718218	0.158802971	0.102452789	0.202083786	0.39960929	0.295854135	0.017328825	0.144970414	0.837700761	0.297536154	0.658275308	0.184252812	0.04740225	0.041666667	0.958333333	0.599523647	0.185096972	0.110241579	0.003402518	0.028921402	0.003062266	0.040149711
261.1102	Zürich Kreis 11 Oerlikon Oberwiesen-Bernina	5324	0.046148846	0.66200845	0.291842704	0.067479985	0.139534884	0.792985132	0.156836965	0.3337716	0.328324568	0.181066867	0.119924099	0.170018975	0.394497154	0.315559772	0.000774593	0.108055771	0.891169636	0.310709677	0.583483871	0.181419355	0.065548387	0.031674208	0.968325792	0.540493498	0.222460209	0.144501279	0.014026084	0.030009295	0.001304752	0.024464099
261.1103	Zürich Kreis 11 Oerlikon Hallenstadion	4670	0.029723266	0.656645029	0.313631705	0.066960706	0.123897354	0.809141941	0.161884368	0.406852248	0.2875803	0.143683084	0.125026579	0.215394429	0.347012545	0.312566447	0.011881188	0.088316832	0.89980198	0.309029896	0.646735815	0.183648566	0.042403905	0.039647577	0.960352423	0.536846124	0.210385643	0.140129821	0.023291333	0.034746086	0.00076365	0.053073692
261.1104	Zürich Kreis 11 Oerlikon Binzmühle	5947	0.028380634	0.625486923	0.346132443	0.055194805	0.200974026	0.743831169	0.188834707	0.438204137	0.284345048	0.088616109	0.169695879	0.12434767	0.391398236	0.314558215	0.00248911	0.120410703	0.877100187	0.238599872	0.543031471	0.322736031	0.048490687	0.13368984	0.86631016	0.427944651	0.255484306	0.199797503	0.014512319	0.051299359	0.003374958	0.053324333
261.1105	Zürich Kreis 11 Seebach Fernsehen	4744	0.029726119	0.606880428	0.363393454	0.058263519	0.183168317	0.758568165	0.146079258	0.426644182	0.33010118	0.097175379	0.11125105	0.222712007	0.374265323	0.29177162	0.003847634	0.120046172	0.876106195	0.307964602	0.579941003	0.180825959	0.05840708	0.081932773	0.918067227	0.549877891	0.180895081	0.136300668	0.018700883	0.036322869	0.008271544	0.053944855
261.1106	Zürich Kreis 11 Seebach Buhn	4875	0.030253475	0.606704824	0.363041701	0.040092166	0.269585253	0.690322581	0.171897436	0.334564103	0.315076923	0.178461538	0.136363636	0.208658009	0.466666667	0.188311688	0.003693444	0.153277932	0.843028624	0.31822474	0.659427133	0.200188857	0.035568146	0.0430839	0.9569161	0.500772798	0.22488408	0.188176198	0.021251932	0.031684699	0.004636785	0.032843895
261.1107	Zürich Kreis 11 Seebach Ettenfeld	5655	0.033977348	0.567621586	0.398401066	0.026008292	0.368639276	0.605352431	0.165870911	0.369053935	0.314765694	0.150309461	0.134485349	0.28606311	0.412096168	0.167355372	0.004418262	0.183726068	0.81185567	0.318604651	0.575968992	0.164599483	0.05503876	0.121065375	0.878934625	0.482088025	0.263732515	0.163084272	0.016035483	0.026612078	0.0139884	0.02831798
261.1108	Zürich Kreis 11 Seebach Köschenrüti	5942	0.038571429	0.600357143	0.361071429	0.03652968	0.321710253	0.641760066	0.244530461	0.27616964	0.314708852	0.164591047	0.185729462	0.297804533	0.408640227	0.107825779	0.008166599	0.172723561	0.819109841	0.208121827	0.762436548	0.134010152	0.027072758	0.070422535	0.929577465	0.353992395	0.249809886	0.221292776	0.019011407	0.092775665	0.006844106	0.037262357
261.1109	Zürich Kreis 11 Affoltern Neuaffoltern	5585	0.020876112	0.623887748	0.35523614	0.047110055	0.270783848	0.682106097	0.2087735	0.321038496	0.310474485	0.159713518	0.161818851	0.201030928	0.415500736	0.221649485	0.012123582	0.157997654	0.829878764	0.268552413	0.682529118	0.139101498	0.04093178	0.083333333	0.916666667	0.420081211	0.247323736	0.210409745	0.021779254	0.057216685	0.007013658	0.035437431
261.111	Zürich Kreis 11 Affoltern Schauenberg	6341	0.028031071	0.662276258	0.309692671	0.028141866	0.285659214	0.686198921	0.174420438	0.319034853	0.30783788	0.198706829	0.138246548	0.275661288	0.432706704	0.15338546	0.008083141	0.158583526	0.833333333	0.235894528	0.760703147	0.118797845	0.031755033	0.059891107	0.940108893	0.485679464	0.218769043	0.182510664	0.019195612	0.063071298	0.00670323	0.024375381
261.1111	Zürich Kreis 11 Affoltern Oberaffoltern	6037	0.020361991	0.65416936	0.325468649	0.019572309	0.303370787	0.677056905	0.172767931	0.416100712	0.280602948	0.130528408	0.139968068	0.246939862	0.433209154	0.179882916	0.006512301	0.160998553	0.832489146	0.298809524	0.619940476	0.207142857	0.03422619	0.130573248	0.869426752	0.441001978	0.273566249	0.177653263	0.012854318	0.04218853	0.01087673	0.037244562
261.1112	Zürich Kreis 11 Affoltern Unteraffoltern	6473	0.047182903	0.646960866	0.305856231	0.029157321	0.305671259	0.665171419	0.229260003	0.318862969	0.344507956	0.107369072	0.184423575	0.19365285	0.470369171	0.151554404	0.01376989	0.119645043	0.866585067	0.19858156	0.625126646	0.188787572	0.10199257	0.080645161	0.919354839	0.320168975	0.251790284	0.310553222	0.030984094	0.052708574	0.002136834	0.032764789
261.121	Zürich Kreis 12 Saatlen	7680	0.01993734	0.640843065	0.339219596	0.025268478	0.278269109	0.696462413	0.254817708	0.308463542	0.312109375	0.124609375	0.194635585	0.30557506	0.397977812	0.101811543	0.009191176	0.14185049	0.848958333	0.200582242	0.668413392	0.202911208	0.033187773	0.055096419	0.944903581	0.374181478	0.215466168	0.291549735	0.033364515	0.057374493	0.00748363	0.022139071
261.122	Zürich Kreis 12 Schwamendingen Dorf	4765	0.037547893	0.660536398	0.301915709	0.064419795	0.265784983	0.669795222	0.138929696	0.357817419	0.298006296	0.20524659	0.107834878	0.274220725	0.428390901	0.189553496	0.009095043	0.135516144	0.855388813	0.315494536	0.656486411	0.129167834	0.048753152	0.050218341	0.949781659	0.561481639	0.19459036	0.135859451	0.015213428	0.026535049	0.001061402	0.039271873
261.123	Zürich Kreis 12 Schwamendingen Ueberlandstrasse	5105	0.017612524	0.611741683	0.370645793	0.04	0.266966292	0.693033708	0.175710088	0.372771792	0.276591577	0.174926543	0.134715026	0.353527302	0.382223994	0.129533679	0	0.13712522	0.86287478	0.320754717	0.707111756	0.098403483	0.035123367	0.007462687	0.992537313	0.51415561	0.216909398	0.161403963	0.025196546	0.039438072	0.003286506	0.023005542
261.124	Zürich Kreis 12 Hirzenbach Wiesen	4539	0.014787431	0.679759704	0.305452865	0.032901296	0.278165503	0.6889332	0.21150033	0.333553646	0.284644195	0.170301829	0.172301236	0.338307298	0.379109349	0.110282117	0.011351909	0.151186791	0.8374613	0.239196361	0.782789992	0.106141016	0.018953753	0.072657744	0.927342256	0.420624616	0.23413409	0.211446679	0.024502405	0.065339746	0.002722489	0.020872419
261.125	Zürich Kreis 12 Hirzenbach Bahnhof-Leimbach	6430	0.030544489	0.573705179	0.395750332	0.037617555	0.27468652	0.687695925	0.244012442	0.327527216	0.282426128	0.146034215	0.189253447	0.312886353	0.3915042	0.106355999	0.008067614	0.213215521	0.778716865	0.196397443	0.81929111	0.053457292	0.014235909	0.069981584	0.930018416	0.443820225	0.188697951	0.240251157	0.030403173	0.088896233	0.003635162	0.009583609
