Z05_RES	NAME	CANTON	ADCTOT	ADCDIR	ADCLIB	ADCIND	ADCFARM	ADCMGKN	ADCINT	ADCEMP	ADCWORK	ADCUNQ	ADCAPP	ADCUNE	PNSCHB	PNSCHN	PNSFOR1	PNSFOR2	PMSSIN	PMSMARR	PMSWID	PMSDIV	PRPROT	PRCATH	PROCHR	PRJEW	PRMUSL	PROTH	PRNOREL	PRUNKN	PFOBL	PFGEN	PFPROF	PFMAT	PFPRSF	PFPRSS	PFBAC	PFMAS	PFPHD
1	Reppischtal	ZH	2697	90	16	230	38	712	730	631	142	108	93	94	2920	591	745	78	1445	2344	232	406	1545	1038	254	8	24	80	1432	47	478	275	1481	441	539	235	263	537	111
2.1	Affoltern am Albis Zentrum	ZH	3900	69	47	224	16	673	910	1192	402	367	237	207	3695	1078	1471	189	2123	3504	318	649	1974	1981	597	7	597	68	1328	42	1193	440	2594	541	581	187	266	438	100
2.2	Affoltern am Albis-Zwillikon Hedingen	ZH	3417	102	41	253	39	613	831	969	320	249	219	139	3724	672	867	126	1753	3050	342	411	2344	1369	313	8	313	17	1126	65	813	316	2392	379	558	250	214	406	103
3	Bonstetten	ZH	2799	63	46	232	16	713	636	861	160	72	60	74	3121	719	514	52	1472	2575	169	299	1750	1269	215	7	44	78	1121	30	469	243	1878	450	440	147	234	459	132
4	Oberalbis	ZH	2784	42	34	269	85	621	735	622	292	84	157	83	3515	351	375	8	1375	2428	187	392	1848	1211	194	8	51	27	1004	39	496	266	1648	350	516	260	168	405	158
9	Mettmenstetten	ZH	3682	23	39	271	71	717	1147	852	310	252	222	140	4333	504	800	81	1845	3409	174	484	2333	1740	511	0	84	58	1101	84	857	456	2269	435	759	265	185	496	102
10	Obfelden-Ottenbach	ZH	3543	46	50	261	23	647	787	1024	464	241	174	84	3991	672	822	87	1636	3455	235	398	1965	1594	569	0	226	56	1287	26	726	377	2477	505	599	270	194	393	38
14	Wettswil-Aesch	ZH	3147	165	101	202	31	835	804	716	132	161	96	116	3553	709	697	91	1349	3180	239	417	1941	1502	232	16	61	99	1279	56	468	268	1870	429	802	204	237	700	141
27	Feuerthalen-Flurlingen	ZH	2684	25	64	182	9	611	663	778	176	176	135	58	2764	544	747	95	1373	2256	213	439	1839	928	256	8	197	34	982	38	629	243	1751	347	463	181	243	231	96
28	Henggart-Irchel	ZH	3047	54	8	210	102	519	821	933	310	90	236	40	4087	378	399	41	1393	3077	186	373	2973	719	385	0	33	18	826	74	605	382	2363	310	593	235	102	248	73
30	Andelfingen-Marthalen	ZH	3862	46	62	239	111	669	995	1026	460	254	285	94	4788	647	616	54	1723	3638	281	604	3439	1279	336	0	99	30	1004	60	890	441	2632	378	844	309	208	403	71
34	Rheinfall-Trüllikon	ZH	2691	47	31	175	38	549	752	719	277	103	142	73	3401	442	540	52	1254	2784	214	349	2497	804	289	0	58	27	880	46	489	286	2115	358	617	176	207	238	70
52.1	Bassersdorf Dorf	ZH	2833	59	8	141	0	521	703	879	230	292	86	164	2655	777	1016	152	1590	2613	193	358	1637	1324	397	10	337	110	924	16	723	389	1879	465	434	155	178	381	18
52.2	Bassersdorf Unterbassersdorf-Baltenswil	ZH	3187	16	31	188	0	689	773	1078	202	210	83	80	2743	927	812	126	1478	2726	130	336	1668	1185	306	0	355	110	1008	40	639	330	2022	330	535	106	267	348	31
53.1	Bülach Stadt	ZH	3379	39	0	230	0	690	875	1092	208	245	185	171	3290	867	972	168	2065	2449	281	660	1902	1400	346	15	402	109	1189	90	883	426	2152	413	552	212	324	328	32
53.2	Bülach West	ZH	2943	18	17	147	8	590	682	826	319	336	113	136	2402	819	1144	148	1696	2309	171	439	1400	1189	561	8	541	75	808	33	897	362	1854	295	362	106	223	269	54
53.3	Bülach Nord	ZH	2948	54	54	134	8	527	846	884	174	267	124	118	3265	655	842	78	1565	2586	231	584	1951	1268	487	0	363	40	816	40	767	385	1960	338	476	125	308	327	103
54	Dietlikon	ZH	3520	50	7	204	0	662	875	1014	232	476	151	151	3376	1031	1210	125	1840	3107	292	636	2077	1692	375	16	548	39	1086	43	1100	400	2258	415	466	263	271	454	39
55	Eglisau	ZH	2485	47	62	162	23	564	574	649	243	161	61	67	2525	520	718	81	1126	2223	208	407	1509	947	264	0	211	51	964	16	474	242	1513	402	448	162	151	339	78
56	Embrach	ZH	4464	52	40	198	8	581	1240	1460	489	396	145	202	4299	1221	1500	179	2062	4262	358	737	2792	1956	481	8	646	153	1276	107	1323	498	3227	506	686	192	231	305	160
58	Glattfelden	ZH	2326	65	8	143	0	407	560	656	253	234	120	98	2288	410	737	114	1165	2027	126	329	1454	877	297	16	166	9	788	40	550	257	1592	249	385	41	178	215	48
59	Bachenbülach-Winkel	ZH	4006	99	49	254	8	885	996	1178	270	267	120	111	4225	982	1048	150	1911	3779	292	598	2363	1717	612	0	279	139	1412	58	802	525	2697	602	651	293	273	432	161
60	Hörifeld	ZH	4655	26	32	296	15	614	1213	1462	520	477	287	278	4460	1024	1829	206	2216	4429	343	706	2748	2302	625	0	549	61	1352	56	1622	528	3490	409	669	201	151	313	67
62.1	Kloten Dorf	ZH	2707	26	10	120	0	359	721	812	243	416	122	242	1942	902	1412	157	1551	2266	200	542	1095	1281	690	8	458	185	786	55	981	508	1735	328	365	70	178	196	36
62.2	Kloten Süd	ZH	3389	54	17	72	0	433	856	1269	215	473	121	132	2966	996	1463	120	1816	2882	306	705	1597	1592	580	0	409	207	1258	65	839	571	2409	499	425	125	299	300	25
62.3	Kloten Nord	ZH	3177	33	16	162	8	528	764	1079	177	410	126	130	2763	831	1096	133	1517	2601	257	554	1597	1539	436	0	256	132	903	65	892	356	2008	435	358	175	236	254	16
64	Nürensdorf	ZH	2952	116	31	273	16	554	788	856	235	83	100	78	3448	512	496	96	1283	2689	219	487	1878	1258	224	0	130	66	1060	60	441	262	2167	410	537	182	204	334	63
66.1	Opfikon Dorf	ZH	2019	31	0	150	8	392	467	504	137	330	51	114	1565	508	1044	135	893	1850	180	427	960	978	211	0	424	105	612	59	653	252	1154	353	225	98	210	207	26
66.2	Opfikon Glattbrugg	ZH	2763	9	0	201	0	269	662	610	253	759	166	310	1273	1014	2526	183	1625	2681	241	514	838	1350	569	9	1052	284	882	77	1726	432	1464	325	342	82	175	197	43
66.3	Opfikon Glattpark	ZH	2971	42	18	90	0	617	742	876	254	332	70	167	1450	938	1700	149	1666	2065	85	475	768	1223	465	0	568	212	1000	56	702	251	1492	419	414	92	256	419	50
67	Rafzerfeld	ZH	3699	88	16	208	86	661	935	1057	394	254	237	60	4359	580	816	105	1773	3466	298	463	2869	1000	551	10	167	23	1314	65	873	345	2718	438	595	203	285	311	85
69.1	Wallisellen Dorf-Berg	ZH	2312	33	16	110	0	584	621	634	93	221	75	103	2115	632	788	87	1259	1953	182	353	1247	1048	302	0	219	46	854	31	549	286	1409	292	372	195	176	331	72
69.2	Wallisellen Rieden	ZH	2285	46	23	150	0	450	641	672	153	150	88	162	2452	606	827	87	1296	1995	307	506	1544	1093	236	0	207	46	963	15	510	346	1685	346	414	156	118	363	117
69.3	Wallisellen Hof-Neugut	ZH	2807	69	15	186	0	599	700	639	181	418	62	159	1754	776	1397	115	1520	2110	147	421	875	1359	311	0	367	58	1195	32	698	314	1255	383	446	124	282	405	91
83	Buchs ZH	ZH	3209	39	16	183	0	533	722	1091	252	373	138	158	2840	714	1024	166	1646	2582	114	518	1601	1308	410	8	437	51	1011	33	829	331	2062	261	552	185	149	311	25
84	Furttal-Süd	ZH	3475	24	32	245	30	596	742	993	356	457	219	142	3236	865	1071	158	1534	3332	199	429	1734	1787	247	9	511	51	1089	65	1150	318	2412	263	476	191	238	221	48
86	Dielsdorf	ZH	3086	15	23	176	16	509	822	987	288	250	144	94	2704	667	1175	69	1464	2545	231	507	1604	1374	294	0	418	33	1000	24	774	378	2081	416	431	111	190	189	39
88	Neerach-Stadlerberg	ZH	3768	101	55	366	102	805	1028	920	278	113	106	177	4477	522	562	144	1861	3203	177	598	2685	1060	313	16	126	58	1541	40	646	383	2436	437	800	221	207	510	118
90	Niederhasli	ZH	4345	48	15	286	24	569	1089	1482	391	441	235	142	4301	1002	1208	268	2173	3627	378	779	2390	1959	373	9	541	139	1462	83	1289	518	3153	474	766	181	146	201	53
91	Niederwehntal	ZH	2569	62	8	185	33	542	642	749	248	100	175	80	2735	547	565	52	1220	2251	162	395	1512	1006	299	0	81	103	981	46	567	184	1759	279	493	232	187	201	54
92	Oberglatt	ZH	3424	15	8	251	0	405	812	1098	357	478	165	214	2392	995	1583	257	1740	2888	204	533	1336	1408	536	0	600	198	1220	67	1209	511	2243	338	383	110	150	181	23
94	Hohwacht-Regensberg	ZH	2449	55	63	195	23	526	618	651	167	151	95	26	2482	296	604	61	1001	2005	181	326	1450	926	190	0	140	23	766	17	411	154	1240	318	571	172	138	316	134
96.1	Regensdorf Dorf	ZH	2416	67	8	189	0	422	618	633	151	328	76	113	1957	769	1330	155	1282	2228	199	559	1125	1261	344	0	506	108	858	67	878	347	1626	256	325	186	116	247	57
96.2	Regensdorf Watt	ZH	3349	33	23	226	33	628	853	881	296	376	120	164	2803	873	1456	149	1431	3053	317	566	1516	1698	404	9	567	93	1039	42	894	392	2272	404	619	144	102	298	74
96.3	Regensdorf Adlikon	ZH	2696	23	15	169	7	382	633	915	275	277	131	176	2327	731	1194	128	1329	2472	156	483	1308	1220	231	8	592	36	1022	24	795	345	2000	270	355	119	134	218	57
97	Rümlang	ZH	3340	31	0	308	8	462	854	929	299	449	237	124	3147	921	1255	133	1648	3107	288	574	1706	1598	408	7	463	63	1275	96	1057	480	2386	387	492	145	206	191	48
101	Oberwehntal	ZH	2364	39	8	177	48	382	614	614	297	185	95	128	2395	430	732	51	1169	1941	176	436	1484	1054	168	8	92	51	824	42	532	312	1581	307	411	111	137	194	54
102	Ossingen-Stammheim	ZH	2072	8	31	167	127	261	570	515	259	134	186	26	2860	297	233	16	991	2024	220	244	1955	468	233	0	104	32	662	24	498	284	1466	260	430	77	159	178	24
111	Bäretswil-Hittnau	ZH	4428	57	38	404	103	778	1233	1131	485	199	252	75	5349	554	461	82	2165	3666	218	641	3345	1104	511	9	75	66	1499	82	753	422	3080	433	890	370	277	229	74
112	Bubikon	ZH	3495	93	23	279	31	756	978	920	347	68	183	92	4480	468	497	69	1710	3242	220	491	2365	1485	457	0	125	43	1146	40	618	320	2388	502	804	232	194	403	92
113	Dürnten	ZH	3685	49	39	318	32	623	914	989	399	322	241	137	4103	704	921	119	1894	3225	247	599	2377	1521	377	16	409	27	1192	47	1050	440	2454	468	502	218	284	290	93
115.1	Gossau Dorf	ZH	2692	23	33	278	8	264	704	776	340	266	161	75	3002	517	673	104	1333	2538	133	393	1793	1293	281	0	226	26	751	26	687	288	1975	360	501	202	48	171	65
115.2	Gossau Grüt-Bertschikon	ZH	2394	32	32	122	39	513	680	673	244	59	116	82	2975	314	310	50	1217	2077	154	329	2053	666	229	0	28	0	777	23	444	201	1629	249	512	195	123	240	109
116	Grüningen-Oetwil	ZH	3970	40	16	199	15	709	991	1108	502	390	221	132	4052	871	1261	90	1968	3572	237	664	2693	1569	517	7	362	108	1141	42	1159	557	2511	386	825	201	245	311	80
117.1	Hinwil Unterdorf	ZH	2694	32	0	146	16	359	639	840	291	371	111	59	2881	451	921	143	1274	2395	299	540	1734	1221	249	0	414	77	757	56	978	438	1951	183	485	83	112	137	40
117.2	Hinwil Oberdorf-Hadlikon	ZH	2716	93	8	236	27	466	578	817	298	193	141	112	3397	383	490	79	1242	2594	235	405	1979	952	276	0	139	47	1031	52	572	185	2150	354	448	192	160	282	55
118.1	Rüti Dorf	ZH	3212	40	15	252	8	465	705	872	402	453	151	189	3494	878	1123	127	1787	3029	388	576	1882	1925	443	0	469	93	894	75	1232	535	2517	265	484	129	138	210	32
118.2	Rüti Bahnhof-Fägswil	ZH	2538	47	16	161	25	414	574	816	307	178	172	126	2706	474	762	110	1520	2038	169	457	1366	1306	329	8	312	63	774	27	810	215	1913	322	310	62	154	189	62
120.1	Wald Dorf	ZH	2209	49	15	186	98	307	483	539	244	288	101	71	2469	448	693	63	1076	2107	278	294	1393	1023	196	0	321	49	749	24	818	247	1393	317	403	101	126	165	48
120.2	Wald Laupen	ZH	1886	8	8	158	15	154	475	534	323	211	131	87	1829	510	803	173	1014	1799	308	297	1057	1233	169	0	363	51	471	73	727	279	1421	193	245	106	130	116	25
121.1	Wetzikon Unterwetzikon-Schöneich	ZH	2804	16	8	217	0	659	633	800	190	281	111	131	2835	688	1053	64	1448	2459	236	561	1439	1211	439	0	382	67	1124	43	720	374	1741	439	398	160	202	371	90
121.2	Wetzikon Robenhausen-Medikon	ZH	2630	23	8	161	25	407	756	774	235	241	140	158	2609	555	882	140	1666	2045	198	384	1428	1156	297	0	373	43	948	49	759	382	1646	369	337	195	211	234	56
121.3	Wetzikon Oberwetzikon	ZH	2633	24	15	173	0	456	476	813	309	367	149	205	2769	727	1033	195	1418	2566	349	467	1537	1432	425	7	553	17	796	32	962	423	2072	328	343	111	132	164	48
121.4	Wetzikon Kempten-Ettenhausen	ZH	3129	76	23	167	8	575	775	854	308	343	130	193	3140	879	830	127	1671	2772	178	451	1743	1456	351	0	364	65	1059	32	889	304	1975	388	577	168	230	244	116
131.1	Adliswil Dorf	ZH	3290	73	58	174	16	883	709	955	215	207	111	107	3315	998	1322	87	1702	3254	262	589	1729	1634	367	39	173	112	1713	43	673	446	2273	466	469	193	278	741	187
131.2	Adliswil Sood	ZH	2867	16	41	174	0	537	695	825	191	388	154	135	2332	887	1537	97	1560	2738	249	441	1187	1680	382	25	323	130	1204	59	931	324	1801	386	381	123	289	507	82
131.3	Adliswil Wanneten	ZH	2435	55	12	138	0	516	688	588	162	276	96	131	1954	675	1312	102	1323	2235	194	340	1056	1264	211	19	400	120	993	29	741	282	1482	312	331	109	243	389	86
132	Hirzelhöhe	ZH	2531	55	38	199	149	475	528	714	267	106	165	58	3259	223	415	56	1270	2310	218	289	1883	1182	128	0	38	19	795	41	623	281	1743	229	472	94	137	272	151
133.1	Horgen Stadt	ZH	2251	50	39	152	18	700	609	426	132	125	44	95	2227	392	898	100	1093	1928	267	475	1270	1084	166	25	97	50	997	74	475	224	1233	274	455	140	193	567	145
133.2	Horgen Käpfnach	ZH	2549	82	47	221	8	695	653	572	119	152	68	112	2150	532	1085	106	1275	2210	96	399	1114	1211	172	7	213	42	1179	40	651	243	1137	333	503	147	283	520	129
133.3	Horgen Allmend-Kalkofen	ZH	1942	8	8	151	25	248	412	522	219	349	167	129	1638	845	1072	234	1130	2223	155	337	801	1336	318	10	600	119	644	17	978	280	1506	233	254	113	89	189	8
133.4	Horgen Oberdorf-Horgenberg	ZH	2385	99	55	143	16	622	543	571	185	151	66	74	2530	477	929	48	1293	2268	210	335	1537	1199	177	8	202	25	932	27	510	216	1496	287	370	189	289	541	137
135	Kilchberg	ZH	3848	222	204	286	8	1395	894	566	138	135	43	151	3999	941	1452	62	2112	3446	485	522	2172	1595	338	140	109	97	2040	74	556	396	1621	648	614	210	551	1378	507
136	Langnau am Albis	ZH	3712	101	76	291	0	691	893	1093	259	308	115	140	3880	798	1318	128	1622	3566	411	662	2109	1881	335	25	297	78	1468	68	890	376	2636	499	652	181	228	518	129
137	Oberrieden	ZH	2617	79	110	222	0	765	669	657	59	56	66	127	2933	593	712	26	1236	2417	271	485	1715	1202	268	29	55	19	1091	32	432	227	1667	332	510	189	216	602	201
138.1	Richterswil Dorf	ZH	2770	51	96	285	0	702	721	648	121	146	92	145	2891	656	1078	69	1433	2574	278	516	1537	1440	245	7	242	60	1221	50	690	342	1680	370	564	181	271	485	110
138.2	Richterswil Samstagern	ZH	3487	59	64	250	32	696	954	1054	272	106	194	141	3940	659	844	137	1704	3260	195	542	2253	1789	321	15	78	33	1188	24	674	237	2593	424	529	270	315	449	133
139	Rüschlikon	ZH	2560	150	103	253	8	945	529	430	38	104	51	79	2562	700	1060	91	1227	2625	271	410	1459	1252	236	55	141	41	1324	23	379	297	1176	465	391	197	406	953	201
141.1	Thalwil Stadt	ZH	2569	82	25	115	17	811	631	583	115	190	68	102	2084	622	1082	98	1296	2006	232	430	1031	1233	220	7	252	57	1121	43	500	260	1195	259	320	141	192	815	135
141.2	Thalwil Ludretikon	ZH	2810	120	67	248	9	1016	619	576	82	73	54	122	2826	646	963	61	1404	2511	243	411	1656	1351	213	15	143	36	1140	15	434	227	1262	470	450	228	354	746	303
141.3	Thalwil Bürger-Gattikon	ZH	3218	80	30	301	15	864	714	877	150	187	117	166	3676	776	1158	92	1612	3278	363	591	2012	1814	248	27	196	24	1474	49	671	389	2256	471	526	196	261	795	121
142.1	Wädenswil Stadt	ZH	2863	40	18	182	0	740	793	680	140	270	101	128	2784	563	877	117	1679	2179	180	493	1349	1368	217	9	210	58	1237	83	696	252	1572	437	430	209	244	456	84
142.2	Wädenswil Giessen	ZH	2349	48	63	117	0	586	606	594	222	113	85	85	2615	510	760	90	1210	2236	201	459	1483	1268	261	8	122	41	872	49	424	350	1298	496	347	164	205	498	195
142.3	Wädenswil Hangenmoos-Herrlisberg	ZH	2594	54	8	164	69	470	541	816	228	244	138	104	2756	719	752	102	1438	2421	308	379	1563	1572	334	8	216	97	708	47	859	384	1789	364	330	140	198	256	118
142.4	Wädenswil Au	ZH	2548	55	33	175	0	570	570	712	284	149	93	197	2494	802	1084	71	1187	2742	180	476	1448	1235	376	16	419	33	998	58	610	383	1748	321	429	181	250	464	94
151	Erlenbach	ZH	2388	149	121	221	0	853	524	355	67	98	52	87	2505	707	853	17	1044	2588	229	331	1425	1096	140	32	91	69	1300	41	367	183	1116	466	340	186	281	887	301
152	Herrliberg	ZH	2818	190	153	292	34	942	588	487	73	59	59	121	3449	555	905	29	1432	2839	350	448	2063	1240	155	76	124	30	1326	56	542	350	1387	379	472	248	313	976	369
153	Hombrechtikon	ZH	3803	71	30	255	63	676	1054	884	458	312	205	123	4551	758	1044	137	2140	3571	338	644	2524	1918	520	0	249	56	1354	71	1030	456	2755	565	657	273	253	428	113
154.1	Küsnacht Dorf	ZH	3011	154	151	241	0	1200	604	462	98	101	62	137	3056	721	1268	43	1729	2696	260	549	1983	1354	245	41	63	50	1467	32	517	369	1184	548	395	242	359	1068	445
154.2	Küsnacht Heslibach-Küsnachterberg	ZH	3316	112	143	378	49	1019	636	625	177	177	109	172	4090	924	1034	97	1829	3407	446	635	2651	1655	266	40	131	59	1457	57	667	399	1902	616	513	353	488	904	374
155.1	Männedorf Dorf	ZH	2562	119	71	214	8	628	810	484	135	93	83	84	2791	674	763	90	1335	2449	216	473	1779	1153	335	0	80	16	1047	63	421	282	1435	374	680	270	234	485	226
155.2	Männedorf Allenberg	ZH	2419	58	40	193	7	644	660	556	183	78	115	91	2741	604	742	52	1223	2432	195	367	1717	1065	191	15	158	27	1020	24	480	261	1349	424	484	188	244	514	205
156.1	Meilen Dorf-Obermeilen	ZH	2427	51	50	208	15	647	534	655	124	143	66	105	2735	537	873	43	1362	2206	270	438	1796	1048	214	9	144	55	987	23	568	289	1496	304	422	151	213	565	201
156.2	Meilen Feldmeilen-Bergmeilen	ZH	3719	130	108	307	40	1197	822	671	182	262	76	186	4068	813	1273	51	1739	3507	353	772	2369	1587	337	15	97	57	1869	41	702	334	1842	651	640	305	371	1019	411
158.1	Stäfa Oetikon-Oberhusen	ZH	3340	47	31	331	25	897	809	737	218	245	136	147	3772	770	923	103	1879	2955	371	549	2330	1366	228	8	130	46	1606	40	687	506	1986	403	627	293	304	622	231
158.2	Stäfa Kehlhof-Uerikon	ZH	3315	155	39	352	54	770	804	797	216	128	86	184	3957	754	861	81	1597	3304	316	604	2185	1530	356	25	187	7	1483	47	625	313	2061	514	677	343	292	747	194
159	Uerikon am See	ZH	2880	86	94	171	8	878	731	599	147	166	96	98	3226	672	754	70	1253	2972	307	369	1826	1301	271	9	127	50	1257	59	507	241	1701	420	597	212	247	646	254
160	Zumikon	ZH	2350	153	111	251	0	708	504	416	86	121	67	84	2886	649	825	25	1168	2643	211	468	1700	1149	216	31	82	51	1187	74	445	259	1190	478	421	232	302	847	292
161.1	Zollikon Dorf	ZH	2803	192	183	298	0	1066	525	430	59	50	8	77	2980	722	958	44	1392	2663	354	407	1780	1215	272	103	26	83	1242	95	323	323	1010	561	367	271	378	1042	472
161.2	Zollikon Zollikerberg	ZH	3020	148	65	252	8	952	700	566	161	168	67	95	3211	932	977	62	1751	2734	359	479	1988	1275	331	41	92	61	1501	33	560	414	1407	468	510	229	506	780	390
171	Bauma-Fischenthal	ZH	3067	23	16	245	94	365	770	882	374	298	269	68	3910	297	696	106	1648	2863	265	384	2543	970	304	0	299	52	951	41	1008	374	2227	338	562	102	171	142	16
172	Fehraltorf	ZH	3524	74	32	239	24	721	929	1039	267	199	162	92	3632	692	632	82	1600	2785	258	574	2152	1415	266	16	177	80	1070	42	602	280	2305	353	689	263	173	369	84
174.1	Illnau-Effretikon Illnau	ZH	3159	48	15	282	128	556	851	857	277	145	110	71	3665	471	535	43	1433	2840	236	324	2265	1004	275	8	166	33	1039	46	615	216	2056	350	686	212	163	350	64
174.2	Illnau-Effretikon Effretikon	ZH	2316	15	0	67	8	323	634	659	259	351	111	81	2195	785	959	142	1237	2110	235	577	1279	1199	372	8	477	43	727	52	863	302	1596	301	357	140	177	178	66
174.3	Illnau-Effretikon Rikon	ZH	2247	31	0	88	0	386	701	557	249	235	133	140	2145	663	938	131	1378	1966	186	419	1511	916	294	0	418	85	652	74	691	349	1584	260	376	87	207	169	65
176	Lindau	ZH	2718	47	15	155	8	496	714	798	269	216	124	97	2768	596	694	144	1294	2529	171	309	1690	1132	385	0	242	45	768	41	676	238	1864	333	481	201	214	158	56
177.1	Pfäffikon Stadt	ZH	2833	54	30	210	33	582	744	762	227	191	127	77	2786	645	675	159	1459	2235	198	451	1707	940	324	0	272	50	993	59	644	294	1714	308	540	154	244	281	63
177.2	Pfäffikon Bussenhausen-Hermatswil	ZH	2684	23	8	198	15	609	590	717	253	271	109	56	3134	503	727	50	1350	2580	292	432	2148	1002	303	0	178	39	951	32	749	266	1904	297	482	146	187	376	95
178	Russikon-Kyburg	ZH	3883	77	54	304	73	734	1058	1075	359	149	169	88	5048	561	495	100	1782	3661	370	613	3157	1448	396	9	102	24	1251	41	781	365	2806	491	814	389	202	368	100
191.1	Dübendorf Dorf	ZH	2226	16	16	131	10	364	549	641	183	316	42	106	1569	668	1168	108	1192	1708	178	499	771	1265	321	8	332	63	759	57	737	306	1341	269	284	122	151	181	94
191.2	Dübendorf Wil	ZH	2482	24	24	105	7	634	617	728	136	207	63	66	2360	565	978	111	1269	2122	194	507	1324	1149	339	0	115	58	1073	34	613	280	1610	200	405	151	292	435	35
191.3	Dübendorf Gfenn	ZH	2734	24	48	127	0	483	638	920	210	284	93	90	2423	816	1107	111	1223	2736	194	453	1406	1469	238	0	427	71	980	15	874	308	1838	393	393	132	155	271	136
191.4	Dübendorf Kriesmatt	ZH	2881	24	4	214	0	485	720	799	264	371	108	93	2100	990	1102	139	1517	2248	222	485	1204	1339	386	0	314	51	1147	31	863	319	1821	262	406	133	177	294	80
191.5	Dübendorf Stettbach-Gockhausen	ZH	2348	71	72	123	17	687	549	514	150	165	28	156	1866	605	1156	64	1098	2112	162	414	1077	1017	274	0	234	27	1096	61	542	185	1192	302	330	97	198	580	255
192	Egg	ZH	3871	72	40	300	24	886	1012	967	312	258	141	130	4470	853	1268	33	1952	3776	316	735	2595	2034	322	34	167	66	1510	51	1002	424	2502	680	691	226	301	626	207
193	Fällanden	ZH	3856	108	23	283	0	983	944	1078	209	228	89	170	3876	955	1328	64	2001	3390	331	645	1920	1721	406	32	167	85	1986	50	620	330	2373	671	636	271	371	752	234
194	Greifensee	ZH	2672	62	15	160	8	648	751	769	167	92	111	65	2953	581	725	62	1265	2573	138	461	1518	1322	319	8	178	55	991	45	537	227	1761	354	549	229	210	402	152
195.1	Maur Dorf-Aesch	ZH	2263	31	54	245	34	637	588	488	99	87	103	62	2798	485	653	63	1362	2138	244	379	1667	740	299	16	148	46	1142	64	530	348	1155	417	386	257	313	447	155
195.2	Maur Binz-Ebmatingen	ZH	2365	65	0	277	24	786	591	452	108	62	58	70	2558	534	808	9	1105	2338	143	395	1482	1012	306	33	58	35	1024	33	324	240	1314	417	529	159	282	494	157
196	Mönchaltorf Seegräben	ZH	2306	24	16	179	31	452	643	618	266	77	110	83	2813	418	428	51	1167	2302	128	324	1740	834	257	0	145	72	857	16	534	253	1683	268	478	133	177	208	93
197	Schwerzenbach	ZH	2310	31	7	86	0	539	641	795	123	88	120	189	2372	634	732	89	1191	2100	140	451	1252	1154	300	0	155	75	893	54	577	206	1589	228	440	145	228	283	128
198.1	Uster Stadt-Kirchuster	ZH	3373	15	16	203	15	839	880	795	232	378	85	192	2945	815	1302	151	1973	2598	285	550	1609	1657	343	9	446	115	1202	28	835	354	1755	506	544	217	404	432	107
198.2	Uster Nossikon	ZH	2244	32	38	86	7	439	629	699	125	189	100	84	2411	662	535	111	1135	2199	240	377	1381	1095	207	0	200	53	981	32	587	226	1560	343	342	117	118	361	157
198.3	Uster Rehbühl-Oberuster	ZH	2382	41	31	143	0	566	696	555	156	194	145	66	2700	584	654	116	1272	2271	197	431	1427	1200	224	27	228	31	984	49	684	201	1484	316	475	118	299	416	63
198.4	Uster Eschenbühl-Gschwader	ZH	3322	8	23	110	8	729	883	807	339	415	134	144	2402	988	1443	221	1790	2793	265	458	1448	1590	414	17	566	150	1052	68	982	351	1881	409	504	188	240	396	87
198.5	Uster Wil-Niederuster	ZH	2550	38	15	88	25	729	727	607	116	205	92	69	2641	585	738	55	1266	2254	195	462	1475	1185	298	8	221	59	893	39	606	223	1384	329	490	269	243	385	150
198.6	Uster Dörfer	ZH	3085	94	16	262	82	744	734	837	172	144	206	123	3459	523	542	57	1666	2372	214	440	1842	1267	299	0	84	67	1109	24	646	264	1729	374	628	171	230	488	112
199.1	Volketswil Dörfer	ZH	3527	127	38	266	8	763	854	1060	178	233	220	103	3971	730	598	85	1616	3176	269	470	2379	1441	197	0	180	26	1253	57	688	343	2222	411	811	320	193	340	112
199.2	Volketswil Hegnau	ZH	2675	8	8	103	8	267	658	851	322	450	157	198	2002	1037	1463	288	1371	2885	198	430	1036	1492	318	8	1071	125	794	41	1290	412	2059	314	374	79	45	90	32
199.3	Volketswil Zimikon-Tannboden	ZH	2761	32	0	197	0	521	750	834	186	241	113	112	2334	902	919	177	1435	2468	172	375	1339	1412	287	0	287	62	1029	36	712	266	1970	281	574	151	120	266	8
200	Wangen-Brüttisellen	ZH	3996	79	23	231	0	642	1155	1150	324	392	232	150	3542	1159	1331	274	2211	3529	230	483	1830	2134	420	8	622	128	1263	48	1253	394	2513	500	656	283	263	375	70
213	Brütten-Lufingen-Oberembrach	ZH	2614	54	16	125	57	563	831	636	238	94	66	74	2963	494	339	70	1274	2198	215	275	1866	982	222	0	72	42	738	40	302	273	1715	288	557	173	159	365	46
217	Elgg-Elsau	ZH	4288	62	38	383	62	800	860	1361	433	289	205	148	5108	702	806	144	2136	4057	300	504	3346	1339	413	9	362	28	1443	59	983	474	3075	529	697	232	247	444	133
221	Hettlingen-Thalheim	ZH	2602	62	31	191	97	539	647	668	270	97	67	72	3376	312	295	25	1168	2523	186	264	2344	732	228	0	82	0	746	8	607	244	1664	250	560	200	152	339	56
223	Neftenbach	ZH	2776	63	32	253	40	537	644	862	233	112	198	110	3275	533	327	97	1343	2398	251	358	2186	953	307	0	128	36	724	16	522	285	1946	352	527	189	151	241	63
224	Pfungen Rorbas	ZH	4688	54	9	402	31	755	1213	1262	566	396	211	115	4591	959	1327	170	2261	4116	337	576	3327	1588	341	0	465	114	1413	43	1036	461	3208	588	860	227	228	272	94
225	Rickenbach-Altikon	ZH	2896	23	16	212	70	436	808	865	287	179	118	92	3664	349	439	79	1369	2716	278	301	2388	950	308	0	111	18	849	40	669	308	2111	260	566	207	170	256	23
227	Seuzach	ZH	3434	101	48	189	9	809	692	1112	222	252	185	95	4510	801	600	150	1627	3472	360	751	2911	1680	399	15	144	19	978	64	921	396	2575	420	668	280	348	410	118
228	Turbenthal Wila	ZH	4013	23	16	298	78	471	931	1293	572	331	236	214	4726	619	804	108	2019	3425	259	675	3035	1180	390	0	297	137	1300	39	957	385	3037	492	620	235	224	160	55
229	Wiesendangen Hagenbuch	ZH	3593	68	46	272	32	678	895	1049	416	137	203	107	4741	614	385	71	1651	3599	270	449	3217	1254	388	0	81	17	975	39	833	328	2574	423	727	290	200	390	95
230.11	Winterthur Kreis 1 Stadt Altstadt-Vogelsang	ZH	3216	55	32	271	0	1084	762	652	167	193	78	151	3259	545	756	109	2503	1636	221	454	1747	1132	243	0	148	27	1434	85	518	281	1270	549	463	252	511	673	160
230.12	Winterthur Kreis 1 Stadt Tössfeld-Neuwilen	ZH	4136	61	70	127	0	1349	1164	894	235	236	174	232	3864	916	1416	74	2775	2490	304	826	1895	1763	376	8	496	117	1686	54	759	372	1777	588	560	250	603	951	253
230.13	Winterthur Kreis 1 Stadt Lind	ZH	2876	71	79	138	17	1129	735	489	96	122	28	84	3007	530	835	30	1855	2001	212	446	1664	1043	341	8	133	45	1237	41	473	234	1012	524	397	280	438	724	352
230.21	Winterthur Kreis 2 Oberwinterthur Talacker	ZH	2685	42	49	157	0	715	612	678	194	238	77	77	2745	571	994	33	1551	2195	299	436	1650	1121	272	0	278	92	1003	65	703	375	1420	399	384	172	275	481	128
230.22	Winterthur Kreis 2 Oberwinterthur Guggenbühl	ZH	1838	0	8	47	0	216	413	562	247	345	108	129	1600	773	1229	98	1126	2072	197	360	943	852	354	0	844	79	608	74	1056	306	1342	282	216	59	94	150	19
230.23	Winterthur Kreis 2 Oberwinterthur Grüze-Hegi	ZH	3573	63	26	164	0	950	918	968	253	231	110	175	3116	773	1115	202	2311	2426	171	324	1525	1696	480	0	320	112	1066	32	743	365	1774	513	500	241	334	486	120
230.24	Winterthur Kreis 2 Oberwinterthur Zinzikon-Dörfer	ZH	2315	33	30	105	17	434	628	546	207	315	173	114	2412	606	724	98	1292	2139	173	320	1351	1219	324	7	179	99	705	39	763	227	1418	228	405	143	198	273	115
230.31	Winterthur Kreis 3 Seen Waser	ZH	1846	9	0	95	0	219	431	565	272	255	106	114	2139	767	719	111	1068	1974	356	389	1378	1094	290	0	409	15	573	27	779	447	1445	316	275	134	110	98	54
230.32	Winterthur Kreis 3 Seen Ganzenbühl-Waldegg	ZH	3205	30	16	209	8	633	836	945	252	276	142	142	3892	740	855	122	1922	2910	329	521	2272	1513	407	0	271	97	1081	41	896	301	2450	500	541	175	279	385	40
230.33	Winterthur Kreis 3 Seen Oberseen-Sonnenberg	ZH	3062	72	32	243	33	751	834	770	184	143	140	136	3526	689	580	115	1460	3082	253	279	1930	1280	475	0	274	72	1014	31	626	350	1775	313	587	266	204	601	151
230.41	Winterthur Kreis 4 Töss Schlosstal	ZH	2296	33	0	198	0	404	599	559	131	372	44	228	1937	663	1127	66	1425	1775	229	469	1138	967	276	0	566	57	872	23	826	225	1257	365	376	160	128	282	68
230.42	Winterthur Kreis 4 Töss Dättnau	ZH	2670	17	32	147	0	473	693	664	274	370	103	109	1834	1067	1198	144	1226	2433	147	497	1013	1064	388	16	971	73	727	50	931	429	1535	368	367	111	127	263	9
230.51	Winterthur Kreis 5 Veltheim Rosenberg	ZH	2267	15	40	150	0	699	597	453	122	191	83	25	2769	435	526	55	1315	1930	246	378	1834	825	216	7	153	38	772	24	570	230	1172	333	344	198	282	449	150
230.52	Winterthur Kreis 5 Veltheim Blumenau	ZH	2766	8	32	150	0	714	690	688	205	279	174	136	2368	612	1147	124	1920	1797	207	429	1349	1062	386	0	348	91	1051	65	807	352	1176	381	315	214	378	442	123
230.61	Winterthur Kreis 6 Wülflingen Lindenplatz	ZH	2375	39	24	157	9	514	529	596	303	204	109	168	2590	740	989	166	1713	1996	296	584	1574	1254	454	8	434	51	756	59	806	461	1590	533	280	145	198	259	111
230.62	Winterthur Kreis 6 Wülflingen Härti	ZH	2322	51	0	131	0	467	468	677	253	275	88	127	2140	831	953	79	1262	2211	213	374	1296	1069	334	8	486	61	729	77	804	382	1529	276	377	138	142	250	49
230.63	Winterthur Kreis 6 Wülflingen Oberfeld-Neuburg	ZH	2539	0	31	70	0	530	670	815	270	153	113	96	2239	740	779	119	1447	2106	170	283	1331	1007	304	0	344	39	947	33	543	239	1515	365	383	197	220	312	63
230.71	Winterthur Kreis 7 Mattenbach Deutweg-Breiti	ZH	3351	15	46	175	0	930	1021	714	169	281	93	107	3603	801	895	71	2243	2416	293	524	1857	1307	386	0	366	57	1452	52	848	312	1664	470	512	346	381	671	87
230.72	Winterthur Kreis 7 Mattenbach Gutschick-Endliker	ZH	2107	8	7	79	0	322	480	653	159	399	129	171	2155	1017	1043	137	1455	2119	394	497	1204	1241	388	0	745	119	713	56	1018	464	1578	355	308	55	144	203	40
231	Zell	ZH	2442	46	16	147	40	385	662	667	264	215	156	121	2847	641	717	110	1423	2391	212	359	1740	950	312	0	272	167	927	17	777	309	1849	262	426	142	176	192	78
242.1	Birmensdorf Dorf	ZH	2346	31	23	173	31	497	620	596	135	240	77	110	2632	477	684	46	1335	2119	167	308	1322	1294	210	16	130	35	890	33	592	257	1382	403	361	157	158	412	120
243.1	Dietikon Dorf	ZH	2159	9	9	136	0	257	476	642	184	446	118	79	1550	805	1121	203	1252	1944	185	392	697	1622	199	0	510	59	639	47	860	275	1478	264	200	95	166	176	25
243.2	Dietikon Schönenwerd	ZH	1990	9	17	113	0	232	363	509	205	542	107	108	1058	792	1557	149	1079	1975	192	393	538	1320	373	0	716	102	523	66	1129	392	1267	174	160	41	79	156	26
243.3	Dietikon Vorstadt-Grünau	ZH	2359	23	0	134	0	432	416	724	217	413	77	143	1359	761	1557	210	1188	2251	191	328	589	1349	299	0	739	116	783	84	1102	290	1312	343	242	41	163	235	41
243.4	Dietikon Moos	ZH	2038	10	17	82	0	203	396	528	304	498	150	200	1155	620	1586	247	1165	2053	135	329	587	1180	349	0	799	131	626	9	1097	351	1285	266	179	49	86	159	41
243.5	Dietikon Oberdorf-Wirebenmatt	ZH	2090	0	30	184	0	352	613	487	216	208	101	175	2426	620	995	106	956	2597	291	394	1237	1557	208	0	414	30	752	39	853	274	1757	156	427	198	144	151	95
244	Geroldswil-Oetwil	ZH	3599	114	31	344	0	669	812	1094	238	297	136	144	3775	828	891	202	1632	3290	213	732	1856	2011	298	0	316	53	1276	56	795	411	2470	437	594	296	195	389	147
245	Oberengstringen	ZH	2949	42	24	179	8	515	654	930	269	328	162	207	2859	1072	1396	214	1752	2948	421	552	1567	2027	364	0	401	41	1209	66	1055	412	2255	457	419	187	231	425	105
247.1	Schlieren Dorf	ZH	2546	34	17	151	18	377	577	660	270	442	83	132	2166	694	1458	154	1316	2587	314	344	1187	1587	356	8	422	135	816	51	1129	352	1625	247	399	105	118	261	74
247.2	Schlieren Station-Spital Limmattal	ZH	2225	8	0	132	0	240	392	650	169	634	88	201	1159	864	1466	151	1158	2019	130	370	607	1476	333	0	450	128	609	75	1137	349	1214	237	222	66	108	126	25
247.3	Schlieren Lacheren-Mülligen	ZH	3329	24	9	223	0	323	862	776	298	814	97	125	1461	1145	2281	272	1812	2831	175	404	814	2059	425	0	804	107	923	92	1564	405	1670	395	365	136	166	209	43
248.1	Uitikon Birmensdorf-Waldegg	ZH	2342	89	115	220	0	698	592	459	113	56	60	82	2750	703	597	34	1143	2244	303	483	1502	1137	214	15	61	24	1195	25	220	348	1378	413	436	200	318	486	339
250.1	Urdorf Niederurdorf	ZH	2165	85	22	111	8	352	505	727	167	188	63	114	2257	577	750	85	1078	2154	129	436	1191	1513	226	16	178	17	616	40	643	272	1523	278	367	126	111	226	112
250.2	Urdorf Oberurdorf	ZH	2227	40	9	110	17	329	575	728	259	160	151	112	2380	588	690	114	1384	1929	204	356	1278	1283	297	8	188	50	726	43	710	254	1704	266	446	105	114	160	55
251	Weiningen-Unterengstringen	ZH	3696	65	53	276	8	757	812	1089	317	319	141	170	3494	1033	1344	176	1741	3559	265	628	1895	1839	358	8	535	139	1347	72	964	403	2507	409	569	210	268	456	156
261.01	Zürich Kreis 1 City-Niederdorf	ZH	4331	106	183	360	8	2014	923	576	38	123	4	126	3570	820	1694	76	3072	2244	255	736	1644	1548	243	234	112	114	2327	82	467	219	1119	626	460	252	654	1860	540
261.021	Zürich Kreis 2 Enge	ZH	3588	74	108	196	0	1804	764	473	56	113	31	155	2836	751	1503	70	2497	2211	255	292	1247	1384	250	504	71	58	1684	56	397	338	936	660	355	242	419	1471	386
261.022	Zürich Kreis 2 Wollishofen See	ZH	3206	106	109	205	3	1234	780	569	111	89	32	156	2631	769	1320	99	2453	1771	226	441	1108	1543	231	324	74	19	1573	18	448	310	1186	498	435	165	382	1144	285
261.023	Zürich Kreis 2 Wollishofen Moos	ZH	2949	50	32	210	0	1020	762	662	118	95	54	115	2508	657	1340	52	2045	1760	317	555	1192	1249	354	135	150	74	1420	103	503	312	1325	458	388	178	373	855	184
261.024	Zürich Kreis 2 Wollishofen Manegg-Paradies	ZH	2383	79	25	144	0	664	606	630	98	137	84	125	2538	770	864	71	1562	1983	271	521	1265	1192	316	153	191	66	1111	44	618	303	1454	372	374	123	260	619	135
261.025	Zürich Kreis 2 Leimbach	ZH	2595	39	6	162	0	577	632	772	154	253	149	173	2578	883	1076	93	1483	2527	280	424	1368	1369	333	22	276	91	1238	18	774	374	1614	444	458	128	182	457	126
261.031	Zürich Kreis 3 Alt-Wiedikon Manesseplatz	ZH	3255	24	41	186	0	1277	700	518	147	362	27	218	2565	637	1614	72	2810	1577	126	497	1053	1365	196	215	238	174	1721	47	804	266	1069	471	324	170	542	1007	179
261.032	Zürich Kreis 3 Alt-Wiedikon Heuried	ZH	2790	31	49	144	9	1057	611	548	79	262	28	114	1984	600	1340	58	1969	1558	168	405	973	1243	166	122	166	188	1208	35	597	203	909	391	322	106	359	847	250
261.033	Zürich Kreis 3 Alt-Wiedikon Giesshübel	ZH	3259	86	48	155	2	1444	808	498	49	169	50	175	2360	566	1429	78	2302	1765	136	328	1007	1148	164	242	109	146	1672	42	398	161	953	382	398	210	448	1262	254
261.034	Zürich Kreis 3 Sihlfeld Wiedikon	ZH	2626	6	20	135	0	1042	681	357	72	313	5	168	1769	502	1358	41	2042	1329	125	281	573	1013	203	518	168	135	1078	88	675	301	660	299	210	98	321	868	201
261.035	Zürich Kreis 3 Sihlfeld Kalkbreite	ZH	2901	17	26	156	0	1152	690	502	90	268	93	222	2093	635	1186	120	2463	1149	120	440	799	1319	221	31	153	77	1531	42	615	259	844	400	223	161	391	1005	168
261.036	Zürich Kreis 3 Sihlfeld Burstwiesen	ZH	2411	0	35	107	2	563	583	616	165	340	44	137	1916	735	1228	74	1676	1594	298	507	852	1491	252	62	179	119	1069	51	779	293	1273	366	300	119	249	471	58
261.037	Zürich Kreis 3 Sihlfeld Friedhof	ZH	3571	21	52	173	0	1089	1027	568	151	490	71	245	2632	948	1730	113	3015	1789	247	519	1074	1706	299	48	440	140	1798	64	950	356	1283	446	404	217	487	1054	191
261.038	Zürich Kreis 3 Friesenberg Albisgütli	ZH	2167	36	24	151	0	526	523	550	100	257	110	106	2178	715	725	50	1240	1897	202	408	1035	1112	250	22	246	93	954	36	701	285	1123	423	297	110	225	414	84
261.039	Zürich Kreis 3 Friesenberg Triemlispital	ZH	2400	26	7	166	0	620	555	571	165	290	143	112	2322	940	730	47	1327	2222	233	351	1029	1193	213	35	496	116	1001	50	858	330	1156	346	287	167	224	491	98
261.041	Zürich Kreis 4 Werd-Aussersihl	ZH	4387	64	46	363	0	1793	1059	634	101	327	25	262	2887	709	2156	163	3838	1462	114	598	1163	1656	203	123	381	167	2285	34	637	319	1137	547	386	207	698	1684	234
261.042	Zürich Kreis 4 Langstrasse Helvetiaplatz-Dienerstrasse	ZH	4110	33	28	311	10	1533	896	623	215	461	21	194	2523	777	1995	92	3260	1635	98	561	1148	1612	200	46	325	224	1911	87	847	334	1181	426	388	196	390	1294	210
261.043	Zürich Kreis 4 Hard Sihlfeld-Bullingerplatz	ZH	3548	28	13	323	0	809	889	638	241	607	113	180	2270	1119	1887	193	2858	2052	211	548	914	2008	471	17	484	265	1444	67	1335	371	1371	524	284	189	482	630	113
261.044	Zürich Kreis 4 Hard Eichbühl	ZH	2066	11	2	151	0	386	585	404	91	436	73	174	1340	751	1511	126	1626	1531	205	425	481	1393	364	36	397	148	918	51	1170	326	812	289	209	46	149	398	67
261.051	Zürich Kreis 5 Gewerbeschule	ZH	3742	32	19	241	2	1384	987	551	158	368	76	175	2345	801	1934	89	3023	1619	156	511	1059	1509	301	31	353	175	1803	79	1013	280	985	393	306	152	454	1228	285
261.052	Zürich Kreis 5 Escher-Wyss	ZH	4132	93	70	299	0	1678	1016	686	73	217	61	140	3047	771	1324	88	3197	1638	107	400	1117	1418	122	34	296	178	2129	49	488	272	1042	573	430	241	474	1443	282
261.061	Zürich Kreis 6 Unterstrass Neumühle	ZH	3362	93	67	212	0	1701	762	375	48	104	13	144	2353	468	1518	36	2529	1412	145	345	1055	1217	178	11	40	42	1832	58	256	164	666	318	339	201	474	1559	395
261.062	Zürich Kreis 6 Unterstrass Milchbuck	ZH	2891	44	71	144	0	1319	638	498	37	140	67	109	2806	557	856	81	2081	1670	188	454	1410	1349	255	31	77	31	1208	32	437	206	961	473	305	126	357	1078	410
261.063	Zürich Kreis 6 Unterstrass Laubiweg	ZH	2883	30	51	131	0	1175	712	433	127	224	55	121	2665	630	937	66	2029	1781	212	403	1067	1358	376	16	146	35	1377	49	556	269	1112	339	243	133	377	945	348
261.064	Zürich Kreis 6 Unterstrass Nordheim-Allenmoos	ZH	2450	12	24	89	0	709	606	672	117	221	74	92	2137	575	1265	87	1865	1619	218	476	1065	1177	317	18	253	70	1230	49	631	261	1262	401	218	160	214	682	214
261.065	Zürich Kreis 6 Oberstrass Universitätstrasse	ZH	3008	101	92	118	9	1591	681	320	35	61	25	126	2460	593	1303	41	2272	1755	159	315	1098	1301	221	56	45	59	1668	53	256	130	674	444	319	124	353	1379	752
261.066	Zürich Kreis 6 Oberstrass Irchel	ZH	2786	100	164	160	0	1466	523	280	46	47	9	76	2387	569	1129	55	1876	1694	215	412	1497	1063	172	42	58	57	1293	15	233	185	648	344	331	172	350	1146	715
261.071	Zürich Kreis 7 Fluntern	ZH	3308	147	229	161	0	1614	713	333	30	81	18	143	3412	799	1493	63	2102	2903	319	579	1723	1482	200	125	64	83	2134	91	335	212	892	700	413	207	448	1619	1028
261.072	Zürich Kreis 7 Hottingen Zeltweg	ZH	2628	46	88	225	0	1193	606	349	45	76	23	84	2277	579	918	62	1945	1380	176	421	1108	1002	235	65	54	52	1382	25	284	133	705	464	279	191	385	1077	351
261.073	Zürich Kreis 7 Hottingen Dolder	ZH	2512	70	149	174	0	1303	477	254	25	60	20	103	2292	436	1098	13	1759	1712	177	319	1313	935	204	81	40	63	1293	37	293	132	553	370	269	183	398	1180	548
261.074	Zürich Kreis 7 Hirslanden	ZH	3713	107	131	290	0	1687	841	424	97	136	64	184	3412	725	1470	83	2747	2230	219	617	1675	1566	263	67	64	72	2058	48	537	262	1117	605	386	310	510	1424	584
261.075	Zürich Kreis 7 Witikon Zelg	ZH	2565	62	85	186	12	917	677	478	44	104	64	74	3020	730	974	51	1699	2325	412	467	1768	1376	229	10	60	35	1345	81	451	289	1378	534	419	213	359	761	449
261.076	Zürich Kreis 7 Witikon Dörfer	ZH	1915	45	74	142	0	734	442	363	61	54	63	79	2352	512	817	35	1306	1782	308	420	1567	837	154	59	46	91	1008	53	306	214	1093	347	343	154	234	702	367
261.081	Zürich Kreis 8 Seefeld	ZH	3096	77	122	271	0	1389	714	397	47	79	20	144	2402	557	1295	76	2434	1373	108	487	1088	1202	175	33	39	83	1739	43	172	252	756	399	415	275	479	1189	386
261.082	Zürich Kreis 8 Riesbach	ZH	2919	70	47	147	0	1483	626	438	40	68	24	145	2283	479	1333	53	2327	1336	140	454	1159	1199	127	46	49	24	1600	55	241	197	926	397	321	100	476	1343	185
261.083	Zürich Kreis 8 Tiefenbrunnen-Balgrist	ZH	2782	59	114	206	0	1119	698	407	64	115	43	100	2396	653	1159	51	1755	1915	243	417	1203	1246	230	54	98	76	1382	40	505	163	1015	363	331	222	351	979	347
261.0901	Zürich Kreis 9 Albisrieden Dörfli	ZH	2222	19	59	120	0	649	613	520	103	139	63	125	2449	535	686	52	1404	1808	257	345	1053	1298	254	23	112	80	964	30	546	173	1372	283	386	158	187	479	127
261.0902	Zürich Kreis 9 Albisrieden Triemli	ZH	2425	33	9	104	0	585	772	542	139	241	12	184	2226	679	1092	89	1589	1890	236	466	1013	1480	275	11	144	92	1132	33	680	317	1443	361	272	98	237	503	142
261.0903	Zürich Kreis 9 Albisrieden Letzigraben	ZH	2080	17	4	117	2	568	472	516	166	218	32	100	2125	628	1033	60	1561	1690	315	466	970	1457	305	29	232	102	870	66	735	294	1375	346	252	91	232	474	67
261.0904	Zürich Kreis 9 Albisrieden Albisrank	ZH	2525	41	22	143	0	726	704	553	139	197	69	145	2090	684	909	94	1647	1602	211	427	993	1194	302	17	187	64	1084	46	568	232	1267	285	343	146	326	541	82
261.0905	Zürich Kreis 9 Altstetten Saumacker	ZH	2488	19	16	142	0	543	641	637	171	319	82	143	1917	809	1347	155	1668	1770	265	604	965	1547	332	18	261	63	1028	94	816	400	1388	334	268	167	258	423	111
261.0906	Zürich Kreis 9 Altstetten Zwischenbächen	ZH	2512	35	17	112	0	659	631	669	135	254	37	88	2001	619	1221	102	1723	1729	230	370	1087	1322	249	0	200	86	1058	50	572	307	1451	342	284	186	200	422	147
261.0907	Zürich Kreis 9 Altstetten Eichbühl	ZH	1927	2	22	87	0	348	467	673	149	179	51	140	2146	784	756	111	1169	1997	309	431	1127	1323	277	0	240	38	841	59	608	279	1688	344	342	112	124	215	81
261.0908	Zürich Kreis 9 Altstetten Letzigrund	ZH	2879	47	8	125	0	890	583	688	152	386	35	213	1795	656	1642	137	2058	1666	95	477	718	1482	247	0	478	128	1198	45	733	236	1240	352	288	157	363	566	138
261.0909	Zürich Kreis 9 Altstetten Dorf	ZH	2172	9	22	73	0	394	477	550	190	457	89	168	1261	897	1574	136	1570	1784	216	390	610	1238	284	2	588	196	995	48	1064	311	1129	284	203	84	175	332	97
261.091	Zürich Kreis 9 Altstetten Grünau	ZH	2076	0	10	167	0	259	399	525	239	477	68	161	1218	1153	1421	156	1261	2119	273	412	621	1305	391	2	805	143	710	88	1188	428	1306	300	194	27	108	156	30
261.101	Zürich Kreis 10 Wipkingen Letten	ZH	2975	22	36	125	0	1316	842	429	84	121	51	193	2692	526	1059	126	2633	1361	190	355	1250	1352	149	17	191	85	1466	28	538	197	898	349	417	181	451	1171	228
261.102	Zürich Kreis 10 Wipkingen Bahnhof-Breitenstein	ZH	3218	68	33	180	0	1288	708	514	140	287	27	246	2430	670	1321	78	2557	1439	184	485	1043	1302	248	5	262	124	1652	29	595	255	1060	399	327	193	341	1197	157
261.103	Zürich Kreis 10 Wipkingen Waid	ZH	2950	33	59	161	8	1209	683	560	78	159	30	130	2388	552	1248	31	2340	1470	173	358	1152	1184	327	10	211	82	1339	36	378	307	1046	375	313	236	451	871	291
261.104	Zürich Kreis 10 Höngg Dorf	ZH	3319	76	47	215	0	1504	824	466	56	131	20	162	2910	713	1277	76	2467	1984	215	450	1530	1332	206	29	88	88	1812	33	437	218	1164	531	440	203	475	1212	384
261.105	Zürich Kreis 10 Höngg ETH	ZH	2714	46	34	173	0	1027	678	613	43	100	31	93	3063	782	906	72	1884	2217	343	489	1566	1309	268	27	156	46	1495	67	302	297	1669	460	474	228	309	840	273
261.106	Zürich Kreis 10 Höngg Winzerstrasse	ZH	2599	69	55	162	7	823	580	596	140	167	46	133	2561	619	1080	69	1620	2047	329	468	1467	1177	209	10	178	55	1298	71	473	365	1441	393	335	143	263	737	236
261.107	Zürich Kreis 10 Höngg Rütihof	ZH	2462	21	69	145	8	666	724	572	132	125	82	136	2499	823	762	92	1577	2122	182	411	1345	1148	325	9	229	51	1153	31	471	281	1506	398	441	149	166	581	246
261.1101	Zürich Kreis 11 Oerlikon Friedacker-Viktoria	ZH	2533	0	20	110	0	921	656	474	110	242	21	175	1858	638	1475	83	2052	1478	167	485	1058	1311	283	0	246	104	1133	47	597	242	993	430	276	142	279	818	266
261.1102	Zürich Kreis 11 Oerlikon Oberwiesen-Bernina	ZH	2721	40	16	149	0	1174	593	378	130	241	53	153	2304	781	1425	103	1997	1831	264	615	1155	1601	234	10	215	116	1313	63	556	284	1088	463	343	185	338	939	386
261.1103	Zürich Kreis 11 Oerlikon Hallenstadion	ZH	2620	34	29	103	0	947	560	549	110	288	52	115	1842	712	1501	57	1928	1626	183	440	907	1229	289	33	290	111	1278	41	716	227	910	349	271	102	368	854	248
261.1104	Zürich Kreis 11 Oerlikon Binzmühle	ZH	3387	46	36	114	0	1396	860	701	54	180	37	156	2308	795	1416	98	2159	2028	151	323	1034	1208	327	2	280	134	1636	39	424	222	1084	472	392	227	455	1021	272
261.1105	Zürich Kreis 11 Seebach Fernsehen	ZH	2745	35	8	89	0	1020	509	609	141	334	64	227	1598	707	1875	42	1978	1658	257	419	816	1245	421	25	360	307	1082	57	763	227	1137	345	202	99	418	774	198
261.1106	Zürich Kreis 11 Seebach Buhn	ZH	2242	35	17	88	0	614	504	564	166	254	47	90	1833	698	1338	82	1490	1923	197	445	964	1255	372	13	247	173	991	40	601	290	1343	454	241	118	171	492	207
261.1107	Zürich Kreis 11 Seebach Ettenfeld	ZH	2735	18	0	80	2	605	678	704	254	394	89	204	1609	972	1886	170	1688	2370	176	470	765	1428	579	16	515	173	1164	64	1030	398	1402	372	290	130	367	465	59
261.1108	Zürich Kreis 11 Seebach Köschenrüti	ZH	2560	9	10	139	14	451	498	643	271	525	126	195	2080	1013	1324	145	1377	2491	292	505	927	1617	530	2	607	72	884	28	1164	389	1592	316	251	149	232	304	73
261.1109	Zürich Kreis 11 Affoltern Neuaffoltern	ZH	2649	2	2	166	11	918	570	525	222	233	125	162	2242	778	1348	90	1702	2163	283	424	1112	1430	393	10	297	141	1116	71	771	265	1475	380	287	115	301	663	240
261.111	Zürich Kreis 11 Affoltern Schauenberg	ZH	2581	10	10	126	0	580	580	663	229	383	114	170	2396	1079	1482	87	1706	2558	398	578	1278	1652	562	23	428	100	1119	79	1119	424	1760	425	309	107	279	471	172
261.1111	Zürich Kreis 11 Affoltern Oberaffoltern	ZH	2921	0	8	126	2	694	711	787	256	337	63	234	1811	1055	1895	84	1760	2404	228	571	969	1570	464	14	509	146	1201	90	890	377	1602	449	326	65	322	568	124
261.1112	Zürich Kreis 11 Affoltern Unteraffoltern	ZH	3384	37	4	212	19	758	833	1023	166	332	118	125	2386	1217	1244	124	1797	2684	149	484	1192	1480	426	0	495	121	1345	54	793	350	1922	416	391	176	273	516	147
261.121	Zürich Kreis 12 Saatlen	ZH	3168	11	9	128	0	571	772	877	286	514	196	232	2477	1305	1697	219	2059	2932	283	564	1298	1685	630	4	807	157	1166	92	1297	659	1904	406	431	93	191	395	139
261.122	Zürich Kreis 12 Schwamendingen Dorf	ZH	2305	6	24	139	0	571	452	616	144	353	56	215	1814	818	1564	77	1656	1819	295	597	1009	1296	423	2	360	89	1127	62	771	438	1371	398	193	72	257	500	143
261.123	Zürich Kreis 12 Schwamendingen Ueberlandstrasse	ZH	2300	12	11	117	0	304	564	502	197	593	80	136	1340	1016	1901	56	1423	2121	356	523	776	1268	491	13	681	233	895	66	1309	325	1373	297	197	51	202	356	92
261.124	Zürich Kreis 12 Hirzenbach Wiesen	ZH	2030	15	0	65	2	323	485	567	157	416	74	147	1383	850	1178	82	1274	1816	206	330	780	1146	440	3	436	107	646	68	1028	305	1173	228	160	65	166	242	65
261.125	Zürich Kreis 12 Hirzenbach Bahnhof-Leimbach	ZH	2705	4	4	121	0	433	607	796	163	577	143	276	2022	1001	1944	107	1674	2667	357	508	1005	1559	715	2	649	183	1007	86	1304	481	1662	448	245	115	240	351	80
301	Aarberg-Kallnach	BE	3648	49	24	200	103	341	1053	1113	484	281	214	153	5069	319	465	36	2101	3128	386	445	4151	576	264	8	232	33	670	124	862	586	2783	383	737	167	115	167	48
303	Grossaffoltern-Rapperswil	BE	2326	23	15	192	62	401	739	548	273	73	71	23	3419	185	175	25	1067	2270	360	254	2837	258	138	0	18	25	627	48	547	321	1659	267	617	156	123	159	30
306.1	Lyss Stadt	BE	3409	7	7	116	0	566	973	1063	368	309	212	120	4085	540	694	137	1966	2854	225	542	3229	1150	247	0	177	51	685	49	848	546	2392	428	772	130	98	209	31
306.2	Lyss Unterfeld-Busswil	BE	3709	32	0	154	17	476	905	1221	483	421	154	226	4591	629	836	61	2065	3352	345	527	3350	1056	420	7	324	131	901	98	961	593	2828	522	511	217	151	189	31
312	Seedorf-Schüpfen	BE	4036	8	15	249	156	613	902	1218	625	250	188	81	5721	371	289	43	2184	3537	396	502	4616	701	267	0	68	32	880	55	955	619	3065	440	747	152	159	258	93
321	Aarwangen	BE	2571	23	31	117	37	241	684	797	463	178	201	123	3498	348	367	59	1279	2561	237	443	2699	741	302	0	198	31	517	32	731	408	2162	295	401	139	91	144	47
329.1	Langenthal Stadt-Untersteckholz	BE	2850	23	48	182	15	544	713	815	273	237	75	143	3281	445	698	162	1797	2197	306	435	2369	898	279	7	325	69	711	77	696	370	1893	343	513	204	146	272	120
329.2	Langenthal Schoren	BE	2500	30	22	121	0	514	651	796	188	178	91	113	3075	303	595	91	1436	2159	213	386	2325	617	330	0	275	72	529	45	512	382	1645	509	393	85	197	250	77
329.3	Langenthal Bäregg	BE	2421	16	0	87	0	280	594	661	356	427	128	116	2519	466	858	203	1379	2085	281	421	1785	795	357	0	468	141	597	24	889	418	1677	397	263	66	94	97	43
331	Lotzwil-Gondiswil	BE	3324	23	0	250	149	406	815	862	553	266	184	63	4601	285	497	88	1699	3131	347	400	3690	658	252	0	220	33	634	90	927	473	2584	268	659	164	178	117	18
332	Madiswil-Rohrbach	BE	3182	16	18	255	203	303	745	870	597	175	200	111	5074	168	252	17	1640	3243	415	386	4333	359	327	0	51	107	451	55	774	711	2893	233	610	93	74	111	23
337	Roggwil-Wynau	BE	2514	0	8	193	23	213	779	736	365	197	180	172	3314	371	529	88	1119	2656	235	444	2437	760	301	0	223	87	613	32	778	397	2058	249	473	107	71	132	30
342	Thunstetten-Oenz	BE	3760	15	17	218	74	452	838	1166	635	345	147	31	4795	309	671	120	1855	3249	320	569	3545	856	359	0	263	128	802	39	966	556	2919	302	691	118	101	162	40
351.1	Bern Stadtteil I-III Innere Stadt-Monbijou	BE	4249	57	55	328	0	1933	1070	583	91	132	31	188	4163	484	1201	84	3587	1686	241	597	2389	1417	164	13	174	71	1835	49	376	286	1193	627	607	317	610	1506	493
351.21	Bern Stadtteil II Enge-Tiefenau	BE	3603	25	67	193	8	1344	922	703	174	167	117	153	4007	488	911	67	2544	2126	305	623	2407	1096	259	4	125	88	1578	41	610	363	1540	563	399	291	368	1007	366
351.22	Bern Stadtteil II Neufeld	BE	3145	19	68	155	0	1310	972	396	75	150	50	70	3369	349	984	75	2645	1517	254	504	2122	1149	183	20	69	65	1257	56	477	368	1017	466	502	219	390	1085	335
351.23	Bern Stadtteil II Müesmatt	BE	2911	25	65	125	0	1394	612	477	48	165	49	125	2778	379	967	58	2087	1619	135	423	1698	958	241	5	75	115	1145	26	379	238	812	443	243	171	387	1108	436
351.31	Bern Stadtteil III Sulgenbach-Sandrain	BE	4062	52	90	193	0	1482	1165	795	119	166	45	96	4150	509	1090	110	3075	2054	300	580	2418	1298	268	32	124	128	1688	54	456	354	1565	646	507	294	467	1220	377
351.32	Bern Stadtteil III Weissenbühl-Weissenstein	BE	3324	23	67	165	0	1128	899	725	139	178	58	161	3589	537	730	95	2439	1859	252	587	2146	1099	252	41	95	66	1368	71	497	372	1454	561	497	263	375	828	230
351.33	Bern Stadtteil III Mattenhof	BE	3414	36	29	139	9	1172	875	804	152	198	36	177	3088	505	1060	119	2619	1656	146	474	1827	1134	324	7	148	127	1270	58	458	327	1236	590	367	230	348	935	253
351.34	Bern Stadtteil III Holligen	BE	2759	4	16	97	2	712	769	676	189	294	68	202	2322	516	1378	155	2219	1574	247	436	1517	1050	255	2	215	257	1063	116	734	311	1294	466	339	124	299	512	205
351.41	Bern Stadtteil IV Kirchenfeld	BE	3016	51	182	216	0	1336	705	422	50	54	28	69	3558	319	639	22	1777	2154	245	452	2277	871	199	22	35	33	1155	35	212	259	884	523	446	284	271	1107	609
351.42	Bern Stadtteil IV Schosshalde-Beundenfeld	BE	2856	67	66	169	0	1029	734	599	113	79	110	66	3493	365	525	57	1927	1949	255	425	2352	720	173	13	61	97	1099	42	425	344	1249	424	412	187	344	834	265
351.43	Bern Stadtteil IV Waldegg-Jolimont	BE	2939	46	34	181	0	921	686	756	105	210	110	138	3389	561	1056	62	2192	2138	326	536	2087	1009	250	31	157	123	1487	47	675	419	1376	554	427	331	307	705	258
351.44	Bern Stadtteil IV Brunnadern-Murifeld	BE	2691	38	101	169	0	888	732	536	90	137	63	111	3907	580	673	63	1778	2593	428	584	2567	1052	258	18	218	64	1119	89	587	395	1703	557	449	247	286	792	278
351.51	Bern Stadtteil V Spitalacker	BE	2802	18	26	166	0	1148	787	449	100	108	53	84	3189	373	549	86	2045	1674	228	382	2131	748	144	17	36	81	1112	63	275	239	1083	397	435	234	408	850	330
351.52	Bern Stadtteil V Lorraine	BE	3079	16	18	177	0	1003	811	614	182	258	35	138	2998	418	845	117	2413	1526	127	417	1563	948	189	2	212	144	1375	49	604	310	1225	468	396	142	358	690	136
351.53	Bern Stadtteil V Breitenrain	BE	4136	49	64	236	0	1655	1151	773	112	96	53	202	4174	537	801	183	3274	1900	205	484	2541	1136	177	7	130	57	1779	37	412	323	1352	651	541	270	476	1396	321
351.54	Bern Stadtteil V Wankdorf	BE	3396	8	6	113	0	802	943	952	204	368	92	163	3844	586	1090	130	2790	2037	457	464	2274	1355	324	16	310	136	1273	61	914	439	1936	586	414	261	297	593	106
351.61	Bern Stadtteil VI Stöckacker	BE	2010	9	8	94	0	178	374	656	252	439	146	175	1912	483	1563	120	1421	1950	286	566	1281	910	402	4	620	271	665	69	1224	422	1425	296	129	78	129	170	52
351.62	Bern Stadtteil VI Bodenweid	BE	2139	2	4	133	0	276	478	677	238	331	68	179	2437	561	1085	127	1471	2003	347	511	1600	1155	254	2	302	150	774	95	963	378	1792	327	270	76	115	191	54
351.63	Bern Stadtteil VI Rehhag	BE	2373	6	14	86	0	262	490	700	312	503	137	225	2010	757	1360	217	1377	2304	233	482	1204	1315	361	0	571	204	699	43	1007	561	1618	243	248	57	121	107	82
351.64	Bern Stadtteil VI Bümpliz	BE	2193	15	10	78	0	330	469	691	217	383	80	160	2386	635	963	92	1346	2066	292	501	1728	868	327	8	447	121	639	66	837	429	1509	378	257	97	134	266	57
351.65	Bern Stadtteil VI Bethlehem	BE	2139	8	0	87	0	95	401	719	282	547	125	238	2254	672	1229	202	1298	2352	315	523	1443	1037	353	0	715	167	692	81	1258	485	1732	311	170	34	89	54	20
351.66	Bern Stadtteil VI Bottigen	BE	2442	8	26	116	47	365	585	717	225	353	61	150	2598	442	877	107	1262	2237	200	462	1955	816	197	9	398	36	709	40	746	386	1596	364	387	143	80	224	74
352	Bolligen	BE	2560	48	61	166	41	658	723	622	150	91	83	105	4204	504	290	17	1317	3097	380	420	3097	893	231	0	29	50	872	42	492	450	1966	471	477	280	215	609	161
353	Bremgarten-Kirchlindach	BE	3703	65	118	233	30	1180	900	842	161	174	136	32	4898	552	551	51	1910	3534	329	438	3387	1137	269	0	90	90	1173	65	525	472	1984	605	782	238	286	837	372
355.1	Köniz Wabern	BE	3538	32	72	254	0	1025	844	957	182	172	120	177	4210	572	886	102	2347	2776	295	582	2734	1274	307	23	151	66	1406	40	635	558	2002	684	413	239	337	855	174
355.2	Köniz Spiegel	BE	2812	61	93	193	8	972	704	580	81	120	82	88	3462	523	725	65	1670	2434	459	392	2329	1118	260	0	126	57	1010	55	698	318	1351	546	486	204	210	694	407
355.3	Köniz Liebefeld	BE	2173	4	18	136	0	521	516	565	179	234	76	167	2600	507	781	78	1561	1850	269	413	1549	933	341	0	215	180	831	43	701	285	1322	388	367	106	137	399	178
355.4	Köniz Dorf	BE	2583	31	15	145	0	575	654	726	240	197	132	88	3277	538	518	106	1450	2455	330	359	2322	827	291	8	237	102	759	49	765	385	1826	295	415	179	150	366	107
355.5	Köniz Schliern	BE	2557	0	15	85	16	512	623	913	216	177	169	128	3232	445	527	135	1396	2491	134	417	2244	928	281	0	166	42	723	54	612	382	2025	298	387	195	128	210	113
355.6	Köniz Wangental	BE	2977	8	7	173	31	464	781	960	294	259	173	135	3189	584	629	192	1684	2386	261	388	2400	811	342	0	182	103	832	50	652	421	2145	326	479	160	73	309	39
355.7	Köniz Scherli-Gurten	BE	2446	8	16	248	70	469	560	771	218	86	145	48	3581	224	221	33	1358	2304	194	279	2727	510	245	0	27	74	544	7	514	308	1726	495	396	147	127	217	103
356.1	Muri Dorf	BE	2785	70	126	211	0	953	716	596	33	80	19	82	3968	463	388	17	1557	2604	354	499	2470	997	216	16	60	43	1165	48	323	424	1336	591	589	230	312	855	313
356.2	Muri Gümligen-Melchenbühl	BE	2739	31	63	106	7	654	704	803	214	157	57	117	4213	541	477	51	1545	2965	390	592	2985	828	345	18	203	87	999	27	614	441	2132	420	676	189	237	488	160
359	Vechigen-Stettlen	BE	3571	64	25	276	78	688	1016	924	302	198	129	99	5001	521	388	51	1823	3579	380	420	3864	972	297	0	68	94	843	65	576	517	2445	573	833	320	191	492	134
360.1	Wohlen bei Bern Dorf	BE	2564	48	87	184	15	684	570	659	127	190	63	105	3720	447	314	45	1275	2812	295	352	2540	749	182	8	177	58	958	63	625	416	1653	380	338	270	231	396	304
360.2	Wohlen bei Bern-Uettligen-Säriswil Meikirch	BE	2823	24	69	217	126	564	757	680	300	86	153	55	4283	146	351	27	1420	2959	285	285	3137	550	248	0	56	57	843	59	563	400	1803	498	540	317	190	335	223
361.1	Zollikofen Dorf	BE	2264	16	10	95	0	380	542	693	197	331	79	155	2615	571	846	106	1386	2275	265	409	1910	754	340	0	490	115	686	40	734	459	1594	315	443	150	123	188	95
361.2	Zollikofen Reichenbach-Landgarben	BE	2310	72	7	136	8	582	662	607	81	155	96	77	3276	331	283	44	1194	2278	217	335	2249	758	163	0	96	66	684	9	492	269	1510	294	565	156	129	363	177
362.1	Ittigen Worblaufen-Papiermühle	BE	2302	15	8	127	15	398	500	687	207	345	72	94	2413	524	578	130	1127	1972	271	464	1749	758	267	26	175	58	761	40	597	462	1586	227	282	108	128	314	61
362.2	Ittigen Kappelisacker	BE	2972	59	38	147	0	714	721	855	188	250	147	114	3665	535	736	171	1651	2918	315	486	2511	1066	255	8	242	132	1107	50	721	510	2145	304	466	218	194	446	191
363.1	Ostermundigen Unterdorf-Waldegg	BE	2399	7	26	94	0	368	567	725	176	436	66	119	2556	453	1058	103	1341	2180	331	459	1836	1030	288	8	329	175	581	64	958	417	1809	188	260	82	155	160	53
363.2	Ostermundigen Oberdorf	BE	2486	17	15	109	8	421	593	783	254	286	106	83	2680	528	955	113	1319	2278	244	514	1861	948	350	8	292	210	632	54	701	526	1691	274	422	98	147	298	41
363.3	Ostermundigen Rüti	BE	2381	16	9	83	0	314	466	791	271	431	157	158	2638	670	1000	130	1482	2392	275	407	1757	1097	289	8	412	195	735	64	1031	516	1836	312	265	104	57	233	37
371.1	Biel/Bienne Altstadt/Vieille Ville	BE	2484	24	15	290	0	444	579	504	284	344	96	293	2515	574	1243	185	1966	1727	344	580	1105	1254	260	17	256	72	1550	106	1011	418	1390	395	275	155	239	450	65
371.2	Biel/Bienne Bahnhof/Gare	BE	2460	45	56	189	0	637	621	533	156	223	54	400	2712	466	1096	136	1904	1659	330	615	1455	1108	169	0	450	93	1169	63	771	362	1438	367	420	154	262	444	108
371.3	Biel/Bienne Rebberg/Vignoble	BE	2152	22	53	249	8	603	472	544	66	135	58	167	2951	463	494	76	1376	1966	287	441	1729	930	168	0	24	50	1128	41	471	321	1287	495	350	205	171	562	116
371.4	Biel/Bienne Neustadt/Ville Nouvelle	BE	2802	31	17	106	0	472	676	615	278	607	115	400	2341	969	1928	228	1978	2738	323	605	1176	1666	334	9	923	220	1181	135	1600	658	1438	429	294	113	255	389	41
371.5	Biel/Bienne Madretsch Süd/Sud	BE	2605	56	22	198	9	469	616	578	328	329	120	248	3104	699	963	207	1571	2604	365	587	1587	1440	401	8	398	49	1180	65	1085	515	1702	472	423	148	182	335	38
371.6	Biel/Bienne Madretsch Ost/Est	BE	1730	0	7	71	0	189	414	397	275	377	82	156	2236	487	986	188	1106	1899	369	609	1280	1136	219	7	488	77	732	43	942	552	1332	317	285	79	88	154	15
371.7	Biel/Bienne Champagne	BE	2618	24	24	117	0	474	647	651	248	433	56	171	2805	595	1110	189	1596	2288	237	677	1459	1397	253	0	393	83	1143	70	1126	441	1667	319	335	141	201	270	67
371.8	Biel/Bienne Bözingen/Boujean	BE	2049	17	0	99	0	216	428	540	260	489	107	276	1983	541	1368	189	1256	2049	283	592	1079	1198	266	0	625	126	816	69	1194	430	1454	302	230	31	95	165	32
371.9	Biel/Bienne Mett/Mâche	BE	2298	34	0	79	0	302	550	629	243	461	112	156	2857	671	745	133	1233	2319	335	672	1576	1132	407	0	417	78	897	50	1103	475	1780	268	324	118	150	150	17
372	Evilard-Mont Sujet	BE	2018	36	33	207	35	399	560	431	153	164	70	104	3099	287	328	36	1082	2150	289	355	1861	657	266	0	12	58	980	43	698	283	1265	368	369	202	166	342	124
383	Büren-Leuzigen	BE	4042	24	23	408	86	555	891	1103	669	283	183	119	5433	197	607	72	1905	3507	494	612	4247	945	285	0	22	55	918	47	929	616	3206	320	743	155	138	176	46
384	Lengnau-Pieterlen	BE	3945	46	23	151	23	513	891	1183	634	481	194	202	4700	696	1186	130	1859	3985	418	643	3191	1176	477	9	551	167	1256	77	1329	686	3176	296	664	182	93	179	57
385	Diessbach	BE	2707	30	16	243	95	362	595	770	421	175	181	43	3477	152	305	34	1301	2263	211	289	2523	432	279	9	47	38	686	51	618	321	2011	247	434	125	73	150	8
404.1	Burgdorf Altstadt-Lorraine	BE	2158	7	15	104	8	339	518	545	336	286	93	143	2542	488	738	73	1479	1748	338	448	1908	662	247	0	405	113	624	54	820	346	1515	302	217	157	186	210	54
404.2	Burgdorf Schlossmatt-Oberburg	BE	2244	47	17	63	7	390	600	733	188	199	97	109	2973	441	483	26	1392	2105	234	358	2163	523	318	0	223	88	759	16	635	271	1782	309	352	109	164	258	67
404.3	Burgdorf Steinhof-Buchmatt	BE	2861	47	31	178	7	611	655	834	294	204	134	108	3902	436	350	38	1553	2599	347	336	2852	627	486	0	199	48	568	55	756	354	1983	446	431	154	188	293	94
406.1	Hasle-Oberburg	BE	2883	38	8	161	103	299	699	824	551	200	291	106	4285	286	472	35	1737	2757	352	348	3529	398	373	7	181	100	536	68	990	544	2413	308	472	111	42	104	31
409.1	Hindelbank-Krauchthal	BE	3042	0	16	249	86	392	934	799	393	173	188	86	4400	254	247	8	1563	2798	311	373	3326	596	349	0	51	39	653	32	755	546	2340	292	611	123	125	138	39
413	Koppigen-Ersigen	BE	2678	15	7	184	134	292	711	811	353	171	162	39	3776	158	186	42	1422	2302	244	324	3160	359	156	0	53	35	451	78	519	363	2027	269	669	131	112	55	30
425	Kirchberg	BE	3082	63	16	178	33	377	657	1047	316	395	153	120	3785	466	550	106	1665	2678	235	405	3092	669	212	9	289	39	636	38	689	409	2312	352	562	147	160	190	40
434	Courtelary-Moyen Ergüel	BE	2373	33	15	231	114	401	523	494	297	265	98	143	3073	373	427	91	1141	2287	277	356	1718	967	311	0	104	32	865	64	875	397	1571	237	380	124	116	185	27
443	St-Imier-Haut Ergüel	BE	3121	19	12	232	110	395	673	790	410	480	164	281	4080	556	1043	164	1872	3008	475	622	2188	1630	409	4	217	41	1329	159	1570	628	2039	479	447	159	151	223	25
444	Sonceboz-Bas Ergüel	BE	2097	47	11	140	39	271	487	565	288	249	157	103	2930	323	384	116	1141	2188	211	306	1799	855	346	13	97	41	621	75	831	471	1527	236	254	118	75	208	19
446	Tramelan-Tavannes	BE	3506	35	30	271	61	413	716	882	581	517	205	230	4977	537	906	147	2035	3521	604	544	2465	1806	1144	0	224	49	941	75	1676	686	2519	509	393	175	218	223	36
492	Erlach-Jolimont	BE	2283	22	27	146	94	421	525	587	322	139	130	103	2923	194	510	36	1159	1953	249	397	2175	590	154	0	10	23	766	39	531	352	1599	291	423	115	125	217	75
496	Ins-Seeland	BE	3203	16	22	168	102	499	807	776	448	365	171	126	4191	206	823	54	1534	3177	306	431	3386	880	259	0	131	8	724	60	1178	487	1976	394	562	188	79	331	45
533	Bätterkinden-Limpachtal	BE	3688	15	24	214	165	609	799	1253	368	241	150	72	5109	283	338	0	1681	3368	367	457	3797	600	263	0	89	62	998	62	720	541	2662	414	761	203	147	215	95
538	Fraubrunnen-Lyssach	BE	3896	7	7	244	72	457	1164	1121	502	322	232	75	5141	383	567	57	1839	3631	404	428	4142	679	255	15	300	138	710	63	945	639	2845	311	769	234	166	213	30
540	Jegenstorf	BE	2964	54	39	130	39	571	908	728	317	178	137	72	4405	297	333	53	1444	3132	273	379	3141	763	332	0	112	69	772	39	604	496	2121	369	690	161	155	420	92
544.1	Moosseedorf Münchenbuchsee-Laubberg	BE	3401	40	19	139	17	515	915	1064	321	371	113	173	4078	537	865	72	1950	3167	192	447	2813	998	394	0	426	126	913	86	962	456	2402	432	574	153	171	218	54
546.1	Münchenbuchsee Dorf	BE	3304	25	46	149	8	639	874	1026	272	265	223	173	4241	440	534	87	1882	2847	277	459	3143	912	382	0	215	87	662	65	780	451	2156	487	578	211	191	359	92
551	Schönbühl	BE	3144	38	0	95	38	514	780	1064	316	299	98	142	3372	665	640	101	1658	2609	184	504	2620	870	322	0	300	68	736	39	712	424	2246	396	468	144	112	275	48
553	Utzenstorf	BE	2720	23	23	184	31	328	633	910	370	218	175	103	3795	318	285	38	1454	2547	185	357	3039	528	238	0	87	9	595	47	699	396	2122	311	443	149	116	120	73
561	Kandertal-Adelboden	BE	2544	8	8	233	141	203	552	726	401	272	173	24	3877	123	418	0	1506	2444	363	236	2984	423	690	0	23	0	355	74	1014	374	2230	246	310	64	40	94	24
562	Aeschi-Reichenbach	BE	3567	32	0	253	147	419	815	1078	609	214	290	105	5784	256	388	18	2005	3624	529	486	4620	573	546	0	23	34	744	105	1086	521	3366	403	523	203	113	158	64
563	Frutigen	BE	2931	8	7	179	156	269	737	715	548	312	247	63	4470	181	431	20	1657	3038	269	306	3385	364	853	0	135	46	431	56	1148	417	2464	349	418	89	71	121	15
573	Brienzersee	BE	3817	23	8	354	93	412	895	1144	644	244	222	93	5509	480	546	18	2263	3519	383	622	4570	785	410	0	103	33	776	110	982	680	3354	496	564	86	192	166	40
576	Grindelwald	BE	2409	23	0	194	24	219	618	612	358	361	194	55	3055	171	649	34	1382	2160	242	225	2607	772	119	0	15	16	406	75	872	403	1891	163	299	118	58	56	26
581	Interlaken	BE	2845	18	0	186	8	318	729	901	332	353	117	94	2821	457	1098	70	1607	2245	285	500	2085	1231	266	0	181	54	727	92	804	445	2061	288	403	91	169	139	47
584	Lauterbrunnen	BE	2743	24	15	160	62	205	693	888	386	310	138	60	3344	209	687	38	1489	2391	261	275	2764	756	203	0	29	41	576	45	869	397	2205	276	362	81	77	48	23
587	Matten-Bönigen-Iseltwald	BE	3434	7	15	238	24	380	906	1043	505	316	130	98	4713	393	629	35	1973	3159	409	375	3690	908	396	0	97	76	701	47	884	481	3097	305	530	105	114	162	15
593	Unterseen-Habkern	BE	3212	15	46	235	31	376	829	984	414	282	162	52	3955	394	568	93	1592	2845	293	505	3345	801	340	0	93	23	595	39	745	464	2465	413	483	134	111	160	108
603	Bigenthal	BE	2736	8	7	185	189	219	691	758	454	225	184	106	4133	139	243	35	1453	2545	272	363	3595	420	133	7	40	18	396	25	766	454	2134	291	553	109	77	109	7
608	Grosshöchstetten-Zäziwil	BE	3378	23	18	181	145	340	1007	946	549	169	269	34	5067	308	266	17	1766	3279	338	391	4223	506	506	7	27	26	433	45	813	631	2836	352	576	171	91	126	34
612	Konolfingen	BE	2749	30	15	166	48	479	674	853	328	156	106	41	3952	232	335	9	1315	2707	298	297	3243	443	360	0	88	65	389	31	612	428	2157	254	503	149	97	232	77
616.1	Münsingen Dorf	BE	2464	16	60	183	15	416	802	584	218	170	72	95	3559	323	347	58	1299	2437	315	382	2531	593	357	8	195	64	645	40	660	310	1777	357	518	192	190	184	99
616.2	Münsingen Dorfmatt-Elsenau	BE	2853	71	24	184	8	427	902	784	314	139	88	75	3952	369	470	58	1224	2924	398	407	2921	867	307	0	92	57	668	42	567	429	2141	409	544	218	134	300	39
619	Oberdiessbach-Linden	BE	3289	8	23	278	141	460	855	734	574	216	244	61	4830	157	207	17	1704	3109	282	284	3992	291	378	0	33	47	569	69	971	518	2336	343	668	131	100	147	46
623.1	Rubigen Worb-Richigen	BE	2673	32	15	185	38	569	674	740	240	180	130	50	3510	275	224	96	1336	2441	177	308	2703	647	178	8	24	83	587	32	535	317	1705	260	638	181	246	279	62
627.1	Worb Dorf-Enggistein	BE	2549	9	31	160	45	429	597	801	258	219	128	73	3458	388	422	58	1389	2452	333	410	2576	658	314	17	127	98	724	70	691	369	1943	347	415	162	161	295	71
627.2	Worb Rüfenacht-Sonnhalde	BE	2663	24	15	152	7	360	676	813	306	310	114	127	3440	371	594	71	1458	2511	215	501	2431	658	410	0	261	84	750	91	759	524	1977	390	401	97	111	232	53
632	Wichtrach-Oppligen	BE	3415	15	0	265	76	387	989	1170	354	159	200	70	4876	188	268	25	1580	3245	174	505	3920	448	453	9	66	49	479	80	609	442	2699	393	773	205	92	166	40
667	Laupen-Neuenegg	BE	3810	15	46	217	76	569	1044	1047	503	293	219	112	5150	471	513	79	1939	3560	357	550	3931	919	258	8	157	169	851	114	908	546	2996	475	632	186	130	246	102
668	Mühleberg-Ferenbalm	BE	3508	31	38	269	196	506	767	1092	442	167	173	103	5076	195	337	36	1842	3249	334	364	3976	794	207	0	33	41	666	72	697	618	2781	316	658	133	110	248	103
682	Court-Grandval	BE	2497	19	11	202	87	282	557	507	474	358	122	107	3666	327	391	81	1254	2652	323	361	1840	1176	709	0	54	48	682	82	1206	452	1886	316	252	94	108	99	23
700	Moutier	BE	3229	60	35	201	23	432	754	727	380	617	161	276	4055	657	1231	274	1875	3551	427	555	1486	3035	434	0	228	30	1037	159	1822	582	2211	401	406	160	227	275	30
703	Reconvilier-Bellelay	BE	2949	33	18	227	71	321	632	727	504	416	151	163	3957	311	550	119	1422	2844	390	452	2178	1285	687	3	78	49	782	46	1219	421	2184	400	276	123	136	143	25
723	La Neuveville-Montagne de Diesse	BE	2443	42	46	185	42	569	581	519	220	239	109	127	3328	365	504	103	1227	2313	363	510	1941	877	289	0	74	16	1155	62	898	379	1376	384	416	226	196	361	72
732	Bellmund-Kappelen-Walperswil	BE	2786	43	7	277	99	539	684	690	319	128	130	31	3796	218	168	0	1171	2640	170	337	2950	507	112	8	16	14	694	15	529	290	1988	235	589	174	140	211	45
733	Brügg-Aegerten	BE	2684	23	10	262	0	376	657	823	285	248	121	111	3722	528	656	62	1387	2768	398	458	2557	815	222	8	428	87	844	49	848	450	2235	402	437	154	121	178	17
739	Ipsach-Port	BE	3709	93	72	248	0	698	944	1072	331	251	134	99	5061	672	560	54	1794	3523	453	734	3449	1198	313	15	147	54	1219	109	911	545	2841	432	712	303	199	337	111
743	Nidau	BE	2801	31	37	186	0	478	776	706	318	269	103	256	3491	616	1116	76	1633	2745	445	618	2338	947	423	22	499	111	1062	41	1027	493	2252	383	339	126	175	368	63
744	Orpund-Scheuren	BE	2951	23	16	225	45	411	705	800	440	286	139	89	3951	432	389	112	1326	2920	274	437	2765	802	296	0	163	64	816	50	705	521	2457	267	540	84	62	137	23
749	Studen-Worben	BE	2790	25	15	154	38	273	757	975	338	215	40	157	3422	386	423	44	1193	2434	259	491	2371	638	303	0	159	55	788	64	540	372	2257	226	529	151	90	75	29
751	Bielersee	BE	3621	53	61	242	133	712	855	1073	279	213	135	116	5343	354	356	52	1807	3476	417	637	3794	1007	230	0	43	38	1144	82	847	616	2544	402	806	293	186	341	180
768.1	Spiez Stadt-Spiezmoos	BE	2848	39	70	182	31	374	869	760	344	179	203	75	4345	338	456	29	1723	2590	478	511	3360	619	445	0	105	72	651	51	816	494	2118	422	569	149	199	260	133
768.2	Spiez Spiezwiler-Hondrich	BE	3175	32	15	241	8	469	873	967	326	244	129	93	4534	282	512	0	1616	3116	283	465	3362	685	390	0	177	40	764	63	606	534	2673	322	451	186	165	259	89
769	Wimmis-Stockental	BE	3734	17	24	341	132	457	964	952	549	298	239	152	5779	233	242	41	1947	3658	434	489	4761	441	402	0	63	16	759	87	988	625	3256	435	718	79	112	113	41
785	Meiringen-Oberhasli	BE	3614	8	23	267	138	397	977	1012	501	291	201	128	4957	255	660	19	1756	3242	618	474	4219	932	185	0	84	7	632	30	958	535	3048	293	579	140	161	162	40
791	Untersimmental	BE	2972	0	30	248	319	235	543	700	655	242	229	64	4921	115	229	12	1763	2875	405	427	4390	404	186	9	20	31	361	69	1191	558	2557	286	376	71	56	110	38
794	Obersimmental	BE	3388	7	15	295	137	295	869	976	543	251	175	33	4709	198	558	46	1759	3251	388	294	4027	555	436	0	66	8	476	125	928	540	2771	313	549	135	55	154	24
843	Saanenland	BE	4534	40	31	459	317	385	1166	993	586	557	291	39	5356	393	1670	45	2644	4154	416	456	4516	1410	673	9	88	32	807	135	1837	685	2768	653	646	195	283	313	38
855.1	Schwarzenburg Dorf	BE	2772	0	15	167	112	361	728	808	340	241	179	89	3958	221	265	62	1601	2467	232	362	3095	499	203	0	55	60	704	46	701	374	2152	336	495	78	176	178	15
855.2	Schwarzenburg Oberschwarzenburg	BE	2176	16	15	156	249	156	502	487	393	202	171	25	3462	76	68	19	1123	2073	211	324	2839	205	188	0	17	15	419	49	775	414	1666	218	389	48	22	55	7
861.1	Belp Dorf	BE	2769	24	16	157	33	459	765	866	266	183	121	142	3646	365	467	48	1452	2566	168	423	2653	565	354	17	149	59	774	38	625	369	2048	272	675	171	132	184	33
861.2	Belp Steinbach-Mühlematt	BE	2781	15	22	106	9	493	752	961	257	166	133	152	3668	407	554	49	1722	2375	317	420	2676	668	331	10	219	63	781	86	670	515	1941	289	613	140	242	283	46
870	Kehrsatz-Wald	BE	2609	8	62	185	72	474	659	767	206	176	97	146	3368	370	631	76	1407	2669	228	282	2368	719	417	0	228	59	743	53	604	474	1654	418	494	230	106	318	184
879	Riggisberg-Gurnigel	BE	2835	24	7	247	232	294	609	701	503	218	179	70	4378	178	147	8	1683	2435	339	406	3606	332	319	0	51	38	468	48	809	639	2271	259	524	95	61	105	38
883	Seftigen-Gürbetal	BE	2875	15	7	197	164	418	657	901	361	155	213	81	4517	172	164	0	1541	2605	260	536	3591	409	185	8	72	32	573	71	622	492	2361	330	469	172	152	169	38
884	Toffen-Belpberg	BE	3110	32	23	179	84	569	846	868	342	167	181	55	4626	199	285	47	1520	3017	315	400	3590	435	298	0	20	53	768	86	659	384	2302	376	680	237	88	380	45
886	Wattenwil-Thierachern	BE	3242	30	24	221	144	366	669	979	612	197	232	135	5089	184	178	8	1804	2985	362	496	3862	479	412	0	23	16	761	93	868	542	2945	232	514	87	136	117	54
902.1	Langnau im Emmental Dorf	BE	3716	16	23	224	38	520	945	1128	558	264	129	78	5237	401	363	9	1865	3291	482	508	4055	509	577	0	168	130	653	54	849	485	2778	597	604	148	157	235	46
903	Zollbrück	BE	2519	0	16	167	148	226	548	601	577	236	205	39	3972	55	125	0	1409	2300	278	272	3350	160	296	0	82	19	303	48	846	440	2118	166	378	46	47	78	23
907	Signau-Oberemmental	BE	3273	0	0	208	434	143	696	776	672	344	267	25	5231	137	187	0	1821	3184	368	325	4648	199	312	7	66	31	389	46	1194	756	2646	313	453	40	47	88	24
908.1	Trub Langnau-Bärau	BE	2126	0	0	131	333	154	405	480	394	229	197	80	3520	137	248	10	1299	2287	239	191	2907	227	306	0	95	174	245	62	923	463	1736	229	306	23	82	49	0
928	Heimberg	BE	3327	24	0	146	31	414	987	936	442	347	191	91	4364	447	466	33	1610	3041	307	488	3276	598	496	0	214	65	739	57	756	466	2697	268	741	150	90	94	25
929	Hilterfingen-Oberhofen	BE	2721	30	46	261	16	638	763	689	189	89	48	59	4352	286	419	0	1399	2793	466	523	3345	673	267	10	15	48	766	57	467	397	2129	383	693	290	233	344	190
938	Sigriswil-Beatenberg	BE	2306	9	32	275	84	249	536	547	356	218	70	34	3747	240	484	28	1277	2517	357	449	3043	545	218	0	19	15	711	48	680	497	2104	292	494	94	86	174	97
939.1	Steffisburg Underdorf	BE	2527	7	8	122	9	330	671	886	292	202	79	64	3577	241	312	25	1336	2247	214	471	2655	499	380	0	94	48	557	35	591	457	1960	314	437	138	118	141	9
939.2	Steffisburg Oberdorf	BE	2663	15	24	256	0	393	765	793	313	104	131	58	4104	175	233	28	1385	2571	377	386	3031	535	420	0	42	27	617	47	584	314	2282	414	550	148	64	200	71
939.3	Steffisburg Schwäbis-Glockenthal	BE	2734	32	23	103	16	309	700	945	326	280	131	129	3579	348	640	55	1592	2265	356	519	2442	799	487	0	182	40	728	54	811	505	2030	303	456	149	133	158	24
942.1	Thun Altstadt-Goldiwil	BE	3230	29	23	237	17	748	949	791	267	169	123	155	4395	379	585	12	2016	2693	385	492	3160	807	313	0	113	57	1096	39	563	415	2287	443	575	255	277	549	122
942.2	Thun Aarefeld-Seefeld	BE	3228	25	80	147	0	607	948	994	260	167	70	107	4136	367	603	25	2118	2308	244	557	3036	689	326	0	132	91	905	47	531	400	2150	420	554	225	239	411	178
942.3	Thun Westquartier	BE	2183	0	9	102	0	245	551	762	254	260	89	103	2950	379	387	73	1262	1905	334	406	2073	622	437	0	148	91	488	48	639	382	1900	231	282	121	85	71	22
942.4	Thun Neufeld	BE	3093	15	0	177	0	400	865	1055	328	253	153	112	4637	580	566	53	1611	3203	529	638	3334	936	550	0	335	86	715	25	974	603	2768	304	528	132	129	264	23
942.5	Thun Dürrenast	BE	2485	8	7	86	8	377	737	759	267	236	121	84	3577	364	427	43	1580	2172	359	445	2674	547	350	8	178	48	668	84	628	484	2001	360	467	121	129	192	57
942.6	Thun Gwatt	BE	2120	25	0	123	8	299	691	622	212	140	57	64	3090	302	292	10	1204	1912	244	447	2299	443	321	8	104	81	509	41	430	478	1702	317	361	170	49	170	32
942.7	Thun Schoren	BE	2543	16	8	119	8	355	656	910	314	157	160	91	3314	486	444	43	1529	2227	316	348	2476	676	358	8	161	65	629	48	610	423	2221	211	489	144	104	87	24
942.8	Thun Allmendingen-Lerchenfeld	BE	2489	9	7	138	0	373	570	808	382	202	138	62	3301	302	386	35	1254	2359	170	335	2365	510	362	0	191	39	637	14	592	502	1933	248	425	117	55	70	23
944	Uetendorf-Uttigen	BE	3881	15	15	221	15	423	1012	1257	595	328	245	106	5896	267	228	19	2029	3666	330	645	4593	468	637	8	71	60	747	85	946	669	3397	363	658	195	97	187	9
945	Langenegg-Eriz	BE	3043	8	31	265	298	274	643	714	550	260	170	34	4747	163	170	0	1694	2887	379	261	3709	234	591	7	8	8	597	67	948	572	2539	227	443	102	90	111	56
953	Eriswil-Affoltern	BE	2113	7	16	156	262	162	590	406	373	141	184	65	3424	54	102	11	1172	2035	247	229	2967	140	264	0	19	17	236	40	626	487	1639	213	484	38	60	48	7
954	Huttwil	BE	2554	15	0	207	56	287	599	652	438	300	88	57	3494	188	271	19	1229	2331	191	290	2784	461	188	0	84	118	342	64	631	395	2011	191	395	94	63	100	16
955	Lützelflüh	BE	3649	0	8	335	220	409	723	957	753	244	250	131	5781	264	292	16	2119	3608	387	451	4851	457	477	0	77	66	565	72	1091	861	3077	386	555	120	57	180	25
957	Sumiswald	BE	2573	0	8	155	198	264	603	642	431	272	145	53	3916	203	269	0	1389	2462	318	310	3294	152	347	8	117	111	410	41	816	558	2001	276	432	63	72	79	15
979	Herzogenbuchsee	BE	3251	23	8	219	22	535	759	1060	404	221	107	183	4337	489	712	128	1880	3053	449	446	3361	817	237	0	502	123	712	74	859	439	2761	332	477	182	213	264	62
982	Niederbipp-Oberbipp	BE	2817	15	18	164	70	310	604	820	522	294	181	158	3725	300	570	119	1471	2778	206	408	2684	840	327	0	214	65	717	14	864	397	2347	355	405	102	87	143	38
988	Seeberg-Wynigen	BE	3794	8	0	319	405	405	884	873	649	251	250	79	5846	123	231	9	1956	3602	400	480	4831	423	343	0	29	32	693	87	1045	605	3148	380	759	130	97	132	32
992	Wangen-Walliswil	BE	3936	40	31	244	133	405	884	1267	589	343	202	143	5290	372	605	55	1997	3743	345	546	3691	1012	309	8	196	52	1305	56	1026	616	3453	362	598	151	107	150	46