"","Z05","NAME","PLUGER","PLUFRA","PLUITA","PLURUM","PLUENG","PLUOTH","PLU2GF","PLU2GI","PLU2GR","PLU2GE","PLU2GO","PLU2FI","PLU2FE","PLU2FO","PLU2IE","PLU2IO","PLU2RO","PLU2EO","PLU2OTH","PLU3M","LOCGER","LOCFRA","LOCITA","LOCRUM","LOCENG","LOCALB","LOCSRC","LOCSPA","LOCPOR","LOCTUR","PFNONE","PFOBL","PFGEN","PFPROF","PFMAT","PFPRSF","PFPRSS","PFBAC","PFMAS","PFPHD","PFS","PFPRES","AD","ADO","ADUNE","NADFM","NADHO","NADRET","NADINV","NADOTH","ADM","ADF","ADOM","ADOF","ADFO","ADPO","ADPO79","ADPO57","ADPO05","ADFOM","ADFOF","ADPOM","ADPOF","ADPO79M","ADPO79F","ADPO57M","ADPO57F","ADPO05M","ADPO05F","ADUNEM","ADUNEF","NADFMM","NADFMF","NADHOM","NADHOF","NADRETM","NADRETF","NADINVM","NADINVF","NADOTHM","NADOTHF","ADH0105","ADH0619","ADH2034","ADH3539","ADH4044","ADH4549","ADH50M","ADSDIR","ADSLIB","ADSSBO","ADSIND","ADSMGKN","ADSINT","ADSEMPL","ADSWORK","ADSNQ","ADSAPPR","ADFPROD","ADFSERV","ADFCARE","ADFPROF","ADFEDU","ADFCREA","AD3PRIM","AD3SEC","AD3TERT","ADD1AGR","ADD2EXT","ADD2BAS","ADD2HEA","ADD2LIT","ADD2IS","ADD2CST","ADD3TRD","ADD3TRS","ADD3ACC","ADD3IT","ADD3FIN","ADD3RE","ADD3PRO","ADD3SUP","ADD3ADM","ADD3EDU","ADD3HC","ADD3SOC","ADD3REC","ADD3PER"
"1164",5841,"Enhaut",187,2611,17,0,126,283,172,0,7,0,8,16,74,166,0,0,0,4,8,132,435,3159,56,11,282,48,5,55,345,6,85,971,335,1294,264,292,95,151,222,41,492,234,2429,2355,74,145,159,935,79,60,1346,1083,1306,1049,1669,686,195,192,299,1179,490,127,559,40,155,37,155,50,249,40,34,57,88,0,159,360,575,40,39,26,34,65,246,372,78,815,276,290,11,45,176,277,198,439,408,302,405,104,755,958,107,191,81,118,158,398,1367,158,0,125,4,25,12,232,268,71,187,21,59,48,123,83,95,102,168,70,25,47
"1176",5888,"Saint-Légier-La Chiésaz",170,2701,41,0,240,200,210,0,0,12,0,56,102,182,9,4,0,43,9,157,467,3395,121,4,539,35,22,154,112,0,29,555,261,1159,429,387,185,335,637,140,804,227,2538,2438,100,448,267,791,40,57,1378,1160,1323,1115,1724,714,198,252,264,1202,522,121,593,43,155,20,232,58,206,55,45,216,232,0,267,369,422,28,12,33,24,73,174,427,87,1066,249,275,106,126,115,104,570,607,462,141,126,85,249,871,197,569,214,273,32,292,1866,32,0,69,20,91,12,100,239,87,93,65,211,23,311,98,117,188,205,129,28,72
"1121",5602,"Bourg-en-Lavaux",145,2896,36,0,97,197,198,0,0,8,7,77,115,190,0,4,0,16,0,155,452,3624,166,0,344,4,42,103,194,0,48,623,318,1084,369,295,172,324,646,222,470,246,2641,2536,105,337,196,858,42,69,1461,1180,1404,1132,1751,785,262,236,287,1204,547,200,585,67,195,48,188,85,202,57,48,176,161,4,192,332,526,21,21,22,47,55,219,458,105,913,252,406,61,196,171,161,602,532,411,141,185,79,371,770,233,505,197,360,119,229,1830,119,0,61,16,73,13,66,359,32,96,85,164,36,258,85,90,164,234,103,36,88
"1160",5793,"Oron",38,3267,16,0,31,232,155,0,0,12,10,64,50,228,0,0,0,4,4,96,247,3860,92,0,165,62,32,62,275,4,55,939,363,1515,222,292,169,212,331,83,639,325,2916,2740,176,276,202,733,56,37,1541,1375,1448,1292,1928,812,244,293,275,1334,594,114,698,53,191,29,264,32,243,93,83,143,133,0,202,362,371,24,32,21,16,32,228,511,105,1196,289,237,50,78,108,161,388,627,581,266,361,119,586,1103,219,359,135,248,97,472,1896,97,0,78,16,157,31,190,394,101,80,78,91,35,161,107,187,150,215,165,46,86
"1140",5678,"Moudon",43,2214,33,0,8,661,77,0,0,0,4,122,31,679,0,4,0,14,18,144,151,3263,188,0,113,294,47,247,675,79,173,1429,399,1165,216,181,112,98,182,30,553,304,2555,2367,188,267,219,763,153,104,1435,1120,1350,1017,1814,553,187,166,200,1267,547,83,470,32,155,18,148,33,167,85,103,132,135,9,210,309,454,91,62,49,55,18,184,324,75,1262,228,151,24,27,71,106,199,423,407,222,684,202,698,1032,112,189,71,135,52,559,1459,52,0,129,64,86,27,253,374,113,109,48,67,17,118,94,95,83,130,143,20,48
"1077",5518,"Echallens",42,3320,45,0,16,327,113,0,0,0,0,114,41,287,0,4,0,0,17,77,183,3947,180,0,94,69,71,108,257,19,81,1002,406,1594,340,338,132,175,272,32,763,243,3017,2872,145,345,183,719,99,34,1570,1447,1517,1355,1927,945,260,317,368,1378,549,139,806,36,224,37,280,66,302,53,92,182,163,4,179,327,392,47,52,8,26,67,281,550,113,1362,237,129,12,44,79,111,371,655,714,391,330,171,515,1358,168,317,169,251,55,397,2040,55,0,67,31,112,9,178,381,142,144,87,149,39,174,112,192,113,181,183,34,109
"1137",5646,"Saint-Prex",87,2593,100,0,96,453,159,4,0,4,4,105,109,344,4,0,0,13,4,219,351,3513,245,4,388,67,40,140,508,9,98,944,368,1071,361,316,144,221,588,142,542,346,2913,2766,147,317,184,773,50,59,1464,1449,1393,1373,1984,782,249,266,267,1274,710,119,663,32,217,24,242,63,204,71,76,159,158,8,176,311,462,38,12,25,34,66,185,492,112,1256,274,235,65,99,80,112,546,649,504,170,461,84,417,1156,121,509,143,306,42,388,1983,42,0,40,111,97,19,121,523,93,69,82,255,29,204,115,80,166,118,144,40,65
"1239",6300,"Zermatt",2731,117,149,0,93,643,103,49,0,78,163,0,17,28,0,37,0,19,21,211,3307,378,308,0,320,50,138,74,639,9,116,1170,448,1383,378,432,131,165,149,33,392,168,3438,3376,62,261,114,619,8,21,1844,1594,1824,1552,2808,568,140,131,297,1696,1112,128,440,18,122,18,113,92,205,20,42,140,121,0,114,301,318,8,0,17,4,64,197,266,78,1619,544,264,74,31,194,188,132,894,768,317,711,78,422,1698,125,496,70,290,23,185,2668,23,0,35,0,18,58,74,511,329,1221,54,42,17,92,40,67,86,33,76,66,34
"1236",6292,"Mattertal",3318,24,26,0,0,417,64,34,0,25,110,0,0,0,0,37,0,20,9,41,3576,121,129,0,54,98,131,21,276,0,100,1050,388,1744,219,284,34,132,99,18,417,194,2801,2705,96,218,305,721,58,30,1722,1079,1661,1044,2215,490,72,113,305,1590,625,71,419,25,47,18,95,28,277,61,35,80,138,8,297,295,426,25,33,22,8,80,217,178,84,1432,384,120,29,32,150,81,140,544,582,634,333,182,908,1056,89,303,71,128,63,719,1597,63,0,59,0,332,17,311,327,296,388,9,69,8,88,72,74,50,45,114,15,42
"1216",6159,"Vouvry-Vionnaz",80,3859,62,0,16,322,136,0,0,10,0,130,62,369,10,0,0,0,9,62,243,4619,220,0,115,126,107,78,328,0,97,1099,640,1979,380,282,130,186,267,25,695,423,3435,3222,213,228,271,998,124,76,1698,1737,1610,1612,2213,1009,236,421,352,1525,688,85,924,53,183,17,404,15,337,88,125,125,103,7,264,456,542,69,55,44,32,56,282,691,148,1485,294,151,52,39,89,130,288,813,769,365,481,201,756,1453,253,278,90,267,82,737,2073,82,8,32,169,151,66,311,489,73,151,69,118,41,168,150,160,140,216,210,41,47
"1214",6154,"Port-Valais St-Gingolph",49,2575,27,0,28,282,121,0,0,0,0,39,62,162,0,0,0,0,0,115,244,3074,91,0,172,90,36,57,179,0,73,749,406,1283,206,264,101,153,138,45,406,145,2035,1893,142,200,171,945,66,61,1097,938,1008,885,1312,581,152,186,243,926,386,82,499,17,135,17,169,48,195,89,53,81,119,0,171,480,465,35,31,38,23,16,201,347,31,800,228,115,25,18,78,101,176,439,394,284,229,149,485,858,91,212,88,116,44,364,1264,44,8,23,41,106,8,178,258,75,136,8,57,19,168,64,104,96,121,67,26,65
"1060",5401.1,"Aigle Ville",39,2603,67,0,22,370,116,0,0,0,4,150,34,363,0,0,0,8,15,80,203,3346,238,4,93,204,77,109,314,4,113,1132,322,1235,276,240,124,142,187,49,428,223,2406,2237,169,278,159,869,90,73,1317,1089,1210,1027,1608,629,204,197,228,1080,528,130,499,45,159,41,156,44,184,107,62,120,158,0,159,344,525,41,49,45,28,32,172,405,76,1079,203,143,20,44,108,159,233,479,446,222,416,116,551,955,146,194,140,180,96,366,1477,96,0,46,46,47,25,202,281,83,133,27,59,24,177,90,101,139,179,125,35,24
"1061",5401.2,"Aigle Emoz-Pousaz",50,1829,50,0,17,708,73,0,0,0,0,114,38,649,0,4,0,23,36,151,151,2849,210,4,108,444,204,110,676,13,174,1374,387,1101,149,137,68,83,162,21,549,266,2279,2016,263,231,248,726,163,94,1296,983,1132,884,1505,511,176,157,178,1051,454,81,430,30,146,23,134,28,150,164,99,111,120,0,248,297,429,103,60,55,39,42,154,318,47,1069,186,106,30,15,69,57,164,470,379,189,551,98,512,973,106,173,40,125,43,392,1289,43,0,41,50,45,13,243,283,60,116,21,80,29,85,127,114,79,149,72,21,53
"1063",5407,"Ormonts-Leysin",43,2791,42,0,180,260,134,0,0,0,0,50,125,221,0,0,0,13,9,125,230,3442,122,0,393,4,113,63,246,12,66,1003,307,1319,304,268,118,231,276,56,402,187,2492,2379,113,260,103,958,96,74,1334,1158,1265,1114,1733,646,190,254,202,1144,589,121,525,33,157,37,217,51,151,69,44,145,115,0,103,409,549,59,37,51,23,36,129,438,68,973,279,243,27,45,150,202,291,598,472,264,235,107,472,1031,181,274,147,208,120,251,1682,120,0,87,4,40,12,108,252,132,240,9,64,51,101,120,70,280,167,108,53,35
"1067",5414,"Villeneuve",83,2287,85,0,52,453,89,0,0,0,14,146,37,557,0,4,0,9,13,115,248,3230,269,0,152,253,198,117,358,10,119,1181,379,1158,324,257,103,126,168,50,510,200,2404,2178,226,247,201,870,137,89,1321,1083,1180,998,1598,580,158,181,241,1084,514,96,484,16,142,32,149,48,193,141,85,144,103,10,191,348,522,80,57,51,38,36,215,346,54,1057,212,124,20,29,67,117,204,445,460,302,437,102,554,1024,114,189,73,125,33,371,1432,33,15,85,45,46,25,155,334,96,122,40,92,36,137,91,87,74,135,98,42,48
"1066",5413,"Roche-Bas Chablais Vaudois",47,2684,28,0,52,166,139,0,0,0,5,69,20,287,0,5,0,20,0,94,218,3283,131,0,137,91,43,101,218,9,87,848,285,1384,245,245,109,150,209,16,515,261,2441,2294,147,192,189,702,53,42,1336,1105,1259,1035,1660,634,221,227,186,1174,486,85,549,21,200,28,199,36,150,77,70,101,91,4,185,257,445,32,21,30,12,31,147,464,57,1033,241,215,12,8,79,121,284,590,539,302,274,86,582,1036,96,215,153,120,141,393,1492,141,0,45,28,87,74,159,324,96,107,31,130,14,147,82,116,142,142,101,16,44
"1062",5402.1,"Bex-Village Lavey-Morcles",85,3425,64,0,24,577,157,0,0,0,0,146,41,547,0,0,0,4,21,186,297,4493,273,7,158,352,68,96,544,4,221,1718,418,1660,315,333,164,122,211,49,647,317,2994,2660,334,395,310,1292,218,71,1641,1353,1426,1234,1891,769,240,260,269,1305,586,121,648,43,197,37,223,41,228,215,119,143,252,8,302,599,693,114,104,46,25,77,173,482,95,1143,322,212,23,17,110,194,272,548,533,295,504,169,712,1180,140,252,116,154,66,566,1684,66,4,71,66,137,42,246,376,100,141,16,106,41,178,119,110,120,155,151,20,51
"1064",5409.1,"Ollon-Village Bex-Fenalet",69,2917,12,0,82,105,126,0,0,0,0,50,115,118,0,0,0,0,5,83,235,3406,79,0,256,29,13,34,96,0,72,715,264,1283,355,277,139,198,295,57,482,174,2373,2298,75,308,156,738,61,51,1316,1057,1267,1031,1498,800,211,267,322,1119,379,148,652,32,179,37,230,79,243,49,26,145,163,8,148,358,380,29,32,17,34,58,234,457,99,942,210,167,57,36,139,149,369,599,470,191,169,119,462,847,144,312,212,225,121,326,1614,121,4,42,53,86,43,98,280,83,96,54,106,25,189,46,188,232,164,104,28,19
"1065",5409.2,"Villars-Gryon",24,1895,29,0,266,383,82,0,0,12,0,48,128,195,5,4,0,31,18,167,180,2506,116,0,564,69,38,100,326,0,46,740,213,803,328,210,85,267,447,84,456,199,2041,1941,100,192,109,793,50,100,1027,1014,974,967,1439,502,148,129,225,889,550,85,417,29,119,8,121,48,177,53,47,109,83,4,105,373,420,17,33,40,60,31,178,283,93,808,254,210,37,34,111,96,397,477,313,113,301,69,289,828,79,290,250,145,14,191,1411,14,0,44,29,29,17,72,242,68,189,12,57,113,70,79,61,353,33,44,41,49
"1068",5422,"Aubonne-Perroy",100,3281,57,4,180,291,223,0,0,25,4,136,183,305,0,9,0,34,5,227,477,4325,238,8,605,46,9,119,413,5,91,889,338,1386,491,401,211,326,730,145,709,355,3300,3117,183,409,279,945,62,60,1808,1492,1704,1413,2220,897,310,264,323,1569,651,135,762,41,269,42,222,52,271,104,79,211,198,4,275,376,569,31,31,35,25,61,235,508,130,1294,324,396,108,118,155,137,567,781,566,251,341,103,514,1124,176,733,150,306,149,416,2208,149,0,95,20,136,13,152,471,130,95,110,253,40,275,122,144,163,159,98,42,106
"1073",5496,"Penthaz-Villars-Ste-Croix",74,4023,67,0,38,113,188,0,0,0,0,184,42,340,0,0,0,31,17,117,298,4889,293,0,203,36,17,120,213,8,98,829,396,1958,402,506,145,265,498,100,783,408,3669,3530,139,347,227,857,84,49,1930,1739,1874,1656,2439,1091,278,435,378,1708,731,166,925,64,214,41,394,61,317,56,83,152,195,4,223,359,498,40,44,25,24,72,302,695,96,1564,349,324,95,80,146,221,506,974,801,325,271,116,608,1506,151,582,195,387,92,598,2455,92,0,60,47,246,30,215,577,104,106,91,227,44,270,112,252,221,161,146,53,91
"1071",5477,"Cossonay-Penthalaz",72,4388,75,0,37,292,252,0,0,4,0,125,70,389,0,4,0,9,5,161,361,5372,245,4,204,89,36,151,412,9,148,1116,483,2184,458,525,188,246,396,76,930,431,4178,3978,200,396,203,920,116,73,2240,1938,2116,1862,2776,1202,381,403,418,1962,814,154,1048,72,309,8,395,74,344,124,76,206,190,8,195,420,500,45,71,52,21,71,328,715,193,1981,338,195,73,51,122,138,481,1051,944,473,488,158,748,1775,217,549,219,360,73,752,2702,73,0,116,40,272,35,289,614,128,175,110,237,49,208,125,278,221,242,185,32,98
"1128",5634,"Hauts-de-Morges",66,3096,41,8,70,79,156,0,0,4,0,75,73,143,0,0,0,17,8,113,283,3656,144,8,239,9,14,49,95,0,43,611,240,1321,371,406,183,211,436,97,629,334,2725,2598,127,303,133,707,53,24,1470,1255,1391,1207,1722,876,294,301,281,1260,462,131,745,61,233,27,274,43,238,79,48,137,166,4,129,331,376,33,20,4,20,44,209,568,113,1052,213,280,49,88,149,171,487,608,491,265,175,116,461,959,211,440,171,288,128,350,1800,128,0,69,16,144,30,91,355,88,67,65,140,19,237,83,159,170,202,133,28,54
"1069",5425,"Bière-Gimel",51,3064,33,0,31,230,135,0,0,4,0,78,45,302,4,0,0,9,4,96,227,3717,131,0,158,74,29,75,367,8,111,1002,344,1406,275,372,105,163,214,47,697,263,2834,2687,147,218,151,736,83,62,1444,1390,1363,1324,1880,807,254,265,288,1237,643,126,681,32,222,32,233,62,226,81,66,77,141,0,151,307,429,40,43,33,29,62,189,479,112,1110,309,280,29,50,119,187,302,606,565,343,356,143,658,1104,151,318,139,205,141,414,1828,141,0,46,27,101,21,219,301,156,124,72,130,23,182,87,143,103,191,217,16,83
"1072",5486,"L'Isle-Pied du Jura",71,4521,24,0,54,148,169,0,0,0,7,63,108,161,0,0,0,4,9,102,293,5117,104,0,244,0,4,80,182,4,85,875,354,2115,423,529,180,289,466,91,854,391,3703,3520,183,405,282,916,64,64,2005,1698,1906,1614,2373,1147,351,395,401,1731,642,175,972,86,265,37,358,52,349,99,84,173,232,27,255,392,524,37,27,25,39,48,344,684,140,1412,309,411,73,64,191,314,503,870,663,469,254,125,835,1289,231,502,224,319,281,662,2152,281,0,155,40,196,32,239,410,155,99,67,217,24,185,63,170,215,197,213,23,114
"1076",5516,"Cugy-Assens",67,4749,44,0,41,238,228,0,0,4,0,179,83,280,0,0,0,14,13,162,369,5676,265,8,240,34,45,177,249,12,77,946,527,2208,591,614,245,222,483,134,914,453,4248,4077,171,453,220,1026,110,46,2156,2092,2092,1985,2711,1366,493,496,377,1904,807,188,1178,43,450,77,419,68,309,64,107,224,229,4,216,451,575,33,77,25,21,55,326,925,168,1756,374,344,64,96,180,212,616,1099,892,435,316,169,643,1749,294,631,223,445,76,637,2867,76,0,144,42,141,24,286,503,160,93,132,298,51,419,101,285,191,267,190,67,110
"1078",5523,"Haut-Jorat",70,4650,41,0,12,153,182,4,0,4,0,59,58,194,0,0,0,12,5,118,308,5253,129,0,158,0,21,128,152,13,80,903,349,2279,438,622,232,228,337,64,928,459,4004,3862,142,283,227,922,78,53,2267,1737,2200,1662,2721,1141,309,440,392,2055,666,145,996,23,286,63,377,59,333,67,75,169,114,8,219,391,531,43,35,41,12,47,312,709,123,1791,386,305,51,36,182,306,445,1115,877,431,225,194,798,1595,263,526,172,402,193,681,2626,193,4,110,33,203,26,305,611,133,104,98,224,31,271,86,278,183,234,198,60,115
"1081",5568,"Sainte-Croix",34,2985,40,0,8,168,122,0,0,0,0,58,11,204,0,0,0,4,0,70,184,3446,110,0,65,45,77,63,136,0,115,952,321,1352,254,332,108,56,147,31,373,232,1902,1725,177,235,210,1090,181,73,1109,793,1006,719,1263,462,148,158,156,923,340,83,379,33,115,13,145,37,119,103,74,109,126,15,195,461,629,81,100,53,20,29,112,304,113,803,134,127,8,35,67,171,104,456,323,252,222,101,501,706,91,124,76,153,85,420,938,85,0,76,9,192,9,134,213,84,51,31,49,4,78,43,67,79,113,87,16,23
"1079",5554,"Tévenon-Mont Aubert",125,4498,21,0,43,121,218,0,0,0,0,99,77,184,0,0,0,0,0,113,405,5189,162,4,174,9,12,47,163,0,89,1087,386,2007,412,518,234,249,386,98,806,365,3560,3417,143,357,317,1116,100,44,1986,1574,1912,1505,2275,1142,350,404,388,1686,589,226,916,63,287,67,337,96,292,74,69,178,179,4,313,477,639,53,47,20,24,63,279,690,143,1381,353,329,76,87,161,267,423,881,592,417,325,197,815,1197,259,447,219,346,221,687,2002,221,4,204,86,229,8,156,398,92,104,66,109,33,198,79,176,236,269,137,27,78
"1082",5581,"Belmont-Paudex",66,2630,45,0,117,225,160,0,0,8,8,76,88,267,0,0,0,30,5,188,309,3389,166,0,369,24,13,152,180,9,45,560,227,1033,415,336,171,325,614,159,610,292,2480,2339,141,410,230,704,39,63,1432,1048,1341,998,1651,688,260,237,191,1183,468,158,530,68,192,43,194,47,144,91,50,192,218,4,226,327,377,12,27,26,37,35,130,449,105,1031,221,248,64,94,57,154,613,549,422,158,170,59,240,843,206,532,169,282,12,257,1773,12,0,37,17,88,12,103,342,74,93,78,179,45,270,67,115,154,198,94,33,31
"1083",5582.1,"Cheseaux-Vernand",106,4792,48,4,32,317,200,0,0,0,5,228,56,464,0,0,0,9,0,139,372,5868,300,8,184,51,51,138,467,0,97,1284,417,2381,554,526,168,345,469,97,877,445,4542,4295,247,492,205,990,92,75,2539,2003,2383,1912,3113,1182,360,393,429,2199,914,184,998,58,302,48,345,78,351,156,91,226,266,12,193,353,637,47,45,43,32,39,393,772,110,2232,330,299,63,66,123,123,591,1178,1075,407,451,223,759,1810,274,623,262,436,44,728,3186,44,0,127,50,222,44,285,676,143,148,173,265,72,303,188,341,231,282,195,64,105
"1084",5583,"Crissier",66,2986,178,0,21,813,115,0,0,0,0,342,41,721,0,4,0,13,13,177,248,4372,577,4,143,153,139,296,773,90,187,1627,466,1596,419,305,141,189,365,78,797,368,3678,3465,213,489,222,876,165,64,1986,1692,1882,1583,2479,986,294,350,342,1734,745,148,838,48,246,42,308,58,284,104,109,220,269,0,222,357,519,82,83,39,25,52,293,643,110,1695,288,213,72,44,126,158,496,639,721,359,714,143,783,1612,123,419,129,288,53,673,2360,53,0,89,52,184,24,324,481,153,131,114,172,51,247,186,145,170,208,191,16,95
"1155",5749,"Chavornay",70,3575,24,0,21,241,127,0,0,4,5,82,41,266,0,4,0,4,5,119,238,4211,142,0,126,77,78,98,229,4,83,962,427,1723,326,378,138,194,243,70,687,375,3247,2982,265,287,189,704,91,81,1783,1464,1636,1346,2162,820,255,304,261,1501,661,135,685,29,226,46,258,60,201,147,118,173,114,0,189,355,349,41,50,34,47,35,217,516,137,1434,237,227,27,39,95,186,366,763,603,429,303,172,702,1226,198,371,152,256,110,596,1986,110,0,147,56,153,32,208,438,163,129,80,111,17,204,86,195,150,210,113,8,82
"1075",5512,"Bercher-Vuarrens",42,3262,19,0,28,138,116,0,0,4,0,53,56,143,4,0,0,5,0,69,198,3699,89,0,137,14,4,58,158,0,72,697,354,1518,338,345,151,147,239,43,632,253,2726,2646,80,284,189,651,61,29,1465,1261,1434,1212,1812,834,264,308,262,1310,502,124,710,55,209,27,281,42,220,31,49,145,139,8,181,310,341,34,27,21,8,44,201,549,63,1092,274,272,47,29,122,231,333,622,621,285,213,148,607,1083,176,318,156,227,167,401,1776,167,0,68,27,119,36,151,463,102,103,63,121,21,173,55,102,165,153,155,16,84
"1086",5586.011,"Lausanne Centre Bourg-Cité",52,2517,101,0,98,355,65,0,0,0,0,122,152,367,5,0,0,55,4,175,146,3382,272,0,429,50,57,255,228,0,61,724,253,617,339,186,94,452,1038,236,306,237,3014,2753,261,296,87,507,83,71,1630,1384,1499,1254,2014,739,296,206,237,1239,775,260,479,74,222,89,117,97,140,131,130,131,165,8,79,185,322,39,44,34,37,46,180,451,119,1261,306,247,66,106,61,97,1035,552,344,100,325,75,244,857,213,564,209,498,0,204,2184,0,0,37,23,61,9,74,275,56,120,202,172,49,295,112,76,277,238,117,68,127
"1087",5586.012,"Lausanne Centre Flon-Riponne",74,2266,67,0,63,561,91,4,0,13,0,91,87,473,5,0,0,49,23,183,228,3168,202,0,357,55,57,425,256,14,111,785,286,650,379,201,95,306,935,254,203,196,2860,2577,283,392,64,547,116,89,1525,1335,1395,1182,1981,596,230,188,178,1235,746,160,436,74,156,47,141,39,139,130,153,188,204,4,60,200,347,75,41,66,23,35,138,415,112,1249,289,215,33,87,77,90,933,566,359,93,296,43,249,886,178,378,159,570,17,206,2038,17,0,33,23,60,9,81,243,43,156,168,162,35,310,71,106,255,203,100,82,104
"1088",5586.021,"Lausanne Maupas",83,2809,153,0,79,709,116,0,0,7,13,161,106,490,5,0,0,73,28,261,277,3921,344,4,431,97,112,457,418,23,98,1121,364,1066,386,174,132,373,1092,240,405,270,3550,3260,290,277,95,903,140,131,1851,1699,1683,1577,2344,916,432,243,241,1409,935,274,642,118,314,76,167,80,161,168,122,132,145,24,71,322,581,85,55,40,91,43,178,622,167,1697,211,188,20,99,53,149,1163,580,522,144,424,104,316,1129,254,442,232,730,39,331,2489,39,0,55,20,112,14,130,336,98,149,138,145,25,290,127,132,346,276,205,94,128
"1089",5586.022,"Lausanne Valency",105,2950,181,0,44,740,151,0,0,5,4,143,66,747,0,0,0,53,9,300,327,4327,379,4,327,201,131,496,455,29,142,1422,397,1305,433,257,146,322,762,218,497,359,3719,3358,361,348,174,993,168,101,1964,1755,1790,1568,2460,898,355,281,262,1530,930,260,638,95,260,70,211,95,167,174,187,170,178,0,174,354,639,83,85,48,53,30,239,621,185,1771,233,161,16,49,79,75,922,753,602,187,531,141,511,1289,255,361,267,512,13,414,2488,13,0,58,25,140,12,179,345,90,178,131,163,26,324,131,138,299,249,250,43,121
"1091",5586.032,"Lausanne Malley",41,1252,86,0,15,816,42,0,0,0,5,125,36,838,5,4,0,43,9,268,158,2546,262,0,188,321,222,309,637,64,190,1366,336,714,224,108,54,168,288,26,596,252,2271,2032,239,351,169,537,148,99,1211,1060,1077,955,1456,576,123,184,269,934,522,143,433,42,81,31,153,70,199,134,105,168,183,10,159,228,309,59,89,24,75,49,200,315,66,1108,122,69,22,18,46,78,285,359,277,168,697,94,453,999,81,122,64,151,20,344,1416,20,0,29,18,71,9,217,320,76,155,35,55,42,123,173,34,105,89,112,27,70
"1090",5586.031,"Lausanne Sébeillon",103,1864,101,0,39,573,98,0,0,0,0,99,66,568,0,0,0,35,14,228,239,2914,246,0,250,176,162,308,344,33,94,878,300,714,280,190,96,277,755,152,371,242,2666,2404,262,299,126,494,118,81,1455,1211,1305,1099,1748,656,292,179,185,1117,631,188,468,94,198,45,134,49,136,150,112,152,147,16,110,215,279,57,61,46,35,24,153,437,114,1174,240,158,22,61,47,114,776,400,403,122,391,74,303,937,143,320,141,457,8,210,1888,8,0,48,17,46,8,91,281,98,162,140,101,38,265,96,91,161,196,130,39,90
"1100",5586.1,"Lausanne Vallon-Béthusy-CHUV",77,2672,120,0,75,495,63,0,0,5,8,110,63,494,0,4,0,60,21,230,230,3610,280,0,382,42,92,316,377,11,114,874,326,809,428,278,226,434,754,182,307,271,3019,2805,214,298,136,875,95,77,1580,1439,1446,1359,2027,778,260,251,267,1243,784,203,575,62,198,65,186,76,191,134,80,142,156,11,125,289,586,67,28,51,26,62,188,497,106,1324,236,238,20,69,65,92,998,548,431,147,357,79,309,902,458,363,198,457,13,272,2163,13,0,31,30,47,29,135,211,81,108,68,115,30,239,103,104,246,518,193,58,89
"1099",5586.09,"Lausanne Mousquines-Bellevue-Ravin",100,3230,103,0,142,450,149,5,0,13,14,126,113,372,9,0,0,78,19,232,341,4207,292,0,522,76,46,220,305,10,78,793,353,1000,463,334,199,474,1099,286,448,308,3416,3161,255,406,173,950,123,90,1794,1622,1624,1537,2271,890,376,284,230,1428,843,196,694,90,286,55,229,51,179,170,85,197,209,19,154,394,556,71,52,46,44,47,157,597,153,1410,330,288,59,178,83,152,1009,715,387,158,357,66,309,990,330,622,297,473,4,311,2368,4,0,61,37,75,30,108,347,103,106,115,155,70,272,69,169,291,426,147,47,51
"1101",5586.11,"Lausanne Chailly-Rovéréaz",79,3069,71,0,86,316,129,4,0,7,0,81,164,504,0,0,0,46,12,259,289,4192,193,0,480,56,82,267,262,10,73,841,385,984,513,298,191,330,851,317,533,228,2828,2589,239,542,154,1153,73,79,1465,1363,1318,1271,1844,745,266,221,258,1176,668,142,603,56,210,17,204,69,189,147,92,262,280,10,144,418,735,34,39,39,40,77,187,506,105,1165,154,275,38,181,43,106,857,492,399,112,276,83,212,898,333,365,276,402,10,220,1984,10,0,29,16,63,30,82,218,66,77,83,85,36,276,76,150,246,320,189,63,99
"1102",5586.121,"Lausanne Sallaz-Vennes",75,3259,140,0,47,739,93,4,0,0,4,187,112,979,0,5,0,33,26,324,244,4935,381,0,389,212,181,295,699,44,219,1582,596,1333,575,262,185,346,624,182,845,386,4012,3542,470,597,193,902,216,105,2076,1936,1808,1734,2522,1020,358,334,328,1583,939,225,795,80,278,85,249,60,268,268,202,309,288,8,185,329,573,116,100,40,65,35,252,653,154,1666,364,243,42,48,73,137,730,798,618,264,701,140,588,1374,459,359,219,371,24,429,2697,24,4,60,60,86,24,195,395,128,191,103,95,37,242,144,168,274,513,255,27,125
"1103",5586.122,"Lausanne Valmont-Grangettes-Pra Séchaud",31,1988,48,0,26,488,97,0,0,4,8,95,59,730,4,0,0,58,9,314,213,3282,195,4,328,257,124,218,383,54,132,1083,388,853,383,211,117,226,422,131,789,432,2609,2317,292,407,185,518,156,86,1365,1244,1209,1108,1652,665,209,201,255,1082,570,127,538,30,179,28,173,69,186,156,136,185,222,0,185,159,359,81,75,32,54,41,201,401,115,1127,186,116,35,31,41,45,495,494,398,177,448,162,381,1057,185,217,142,239,13,288,1751,13,0,21,25,66,8,168,245,85,133,79,81,39,127,88,82,146,312,244,12,78
"1104",5586.141,"Lausanne Borde",21,2024,67,0,31,489,91,0,0,0,0,124,48,615,0,0,0,19,19,154,146,3041,212,0,178,146,89,200,360,34,118,1189,389,875,277,138,66,184,352,46,440,318,2256,2065,191,242,164,814,155,70,1068,1188,986,1079,1401,664,180,238,246,879,522,107,557,31,149,36,202,40,206,82,109,119,123,9,155,380,434,73,82,29,41,28,235,397,82,1014,118,84,13,59,94,73,338,384,357,143,498,119,351,1004,91,166,129,217,37,219,1515,37,0,35,12,53,13,106,248,73,156,39,69,31,133,122,98,151,130,136,37,92
"1105",5586.142,"Lausanne Bellevaux",19,2141,108,0,47,606,70,0,0,0,0,79,56,712,10,0,0,32,27,229,143,3279,243,0,245,248,105,255,518,42,161,1529,402,756,364,199,88,173,297,46,525,316,2489,2132,357,317,182,805,208,137,1366,1123,1142,990,1547,585,202,196,187,989,558,153,432,48,154,64,132,41,146,224,133,137,180,14,168,265,540,104,104,65,72,17,182,373,90,990,182,130,35,48,47,65,317,403,345,134,625,126,474,994,103,227,81,155,12,352,1511,12,0,37,27,75,8,205,278,86,141,57,74,48,136,130,113,102,156,126,4,60
"1111",5587,"Le Mont-sur-Lausanne",99,3688,77,0,73,260,192,0,4,16,0,144,135,363,4,0,0,51,18,226,375,4740,275,12,419,90,43,206,182,14,74,928,349,1467,486,489,223,363,721,208,702,339,3470,3237,233,437,205,1109,79,63,1847,1623,1729,1508,2188,1049,330,412,307,1518,670,211,838,64,266,68,344,79,228,118,115,200,237,4,201,472,637,23,56,26,37,71,227,720,106,1409,291,276,63,116,144,144,751,757,664,205,287,104,379,1260,225,646,233,366,59,400,2448,59,0,78,34,108,28,152,378,77,89,141,250,44,316,100,240,206,271,195,35,106
"1116",5590.3,"Pully La Rosiaz",109,3000,73,0,81,206,213,0,0,8,0,107,128,293,9,0,0,54,5,253,435,3973,268,4,448,5,21,163,163,17,33,555,273,897,608,305,180,318,1081,275,595,275,2543,2401,142,439,193,1262,31,80,1281,1262,1205,1196,1579,822,257,309,256,1049,530,156,666,40,217,51,258,65,191,76,66,225,214,13,180,437,825,12,19,48,32,69,189,557,94,902,197,299,103,187,94,106,815,495,313,99,150,40,118,787,279,607,210,346,20,159,1938,20,0,43,24,39,7,46,262,73,67,51,225,89,325,25,157,209,250,94,43,68
"1115",5590.2,"Pully Chamblandes",100,2924,69,0,178,324,189,0,0,4,0,72,160,340,22,9,0,89,10,311,408,3966,229,4,688,22,31,231,226,26,80,619,277,901,531,325,207,454,1062,306,527,306,2792,2620,172,420,196,1241,78,72,1457,1335,1381,1239,1811,809,262,221,326,1168,643,213,596,54,208,55,166,104,222,76,96,237,183,4,192,469,772,32,46,43,29,62,224,451,117,1180,186,266,110,169,99,136,881,570,325,79,212,37,135,913,166,616,211,464,16,177,2075,16,4,19,22,48,16,68,327,60,108,98,249,45,327,85,123,266,193,77,49,68
"1114",5590.1,"Pully Village-Port",87,3312,141,0,121,354,152,0,0,26,9,197,105,347,0,0,0,52,13,259,379,4349,401,4,475,25,38,191,276,29,69,796,399,1197,550,328,196,402,865,305,517,272,3017,2781,236,413,189,1426,86,51,1633,1384,1502,1279,1973,808,253,255,300,1278,695,224,584,46,207,74,181,104,196,131,105,230,183,9,180,540,886,29,57,13,38,52,224,488,127,1178,247,311,61,181,67,145,858,605,446,140,238,44,290,922,260,608,184,410,16,297,2164,16,0,87,35,58,12,105,352,63,113,90,188,33,332,71,175,209,256,92,70,120
"1124",5607,"Puidoux-Chexbres",117,3303,48,0,81,377,195,0,0,4,4,77,76,317,0,5,0,15,4,113,363,4072,138,0,245,54,97,85,380,0,86,985,360,1424,430,390,159,273,456,106,602,338,3094,2951,143,333,131,1053,73,66,1720,1374,1635,1316,2084,867,249,277,341,1462,622,173,694,58,191,46,231,69,272,85,58,151,182,0,131,447,606,37,36,42,24,59,242,496,128,1280,274,317,50,76,178,212,501,636,474,260,454,113,573,1090,194,446,159,378,155,413,1935,155,0,88,37,122,19,147,341,54,137,80,138,48,285,108,117,108,218,160,77,64
"1122",5606.1,"Lutry Village",105,2828,65,4,120,195,190,0,0,16,0,84,95,166,0,0,0,44,0,212,416,3558,193,4,414,22,25,134,101,12,27,637,309,1138,336,289,146,344,659,203,334,234,2348,2258,90,331,183,1145,43,67,1252,1096,1206,1052,1557,701,160,225,316,1064,493,142,559,36,124,16,209,90,226,46,44,126,205,5,178,391,754,27,16,39,28,75,236,389,68,928,190,292,63,145,115,124,621,489,377,125,149,57,222,786,217,498,192,268,8,204,1747,8,0,52,24,64,12,52,294,43,78,67,181,24,242,65,122,188,200,133,41,69
"1123",5606.2,"Lutry Hauts-de-Lutry",130,2475,55,0,144,159,161,4,0,8,4,76,132,156,0,0,0,72,0,196,403,3169,168,0,510,4,13,152,43,18,37,440,215,783,398,317,170,406,777,196,511,221,2275,2178,97,433,216,767,53,25,1285,990,1227,951,1535,643,183,247,213,1049,486,178,465,51,132,65,182,62,151,58,39,269,164,0,216,280,487,21,32,25,0,29,177,451,43,783,209,377,112,184,124,139,638,522,260,80,81,38,159,586,212,651,206,309,41,203,1658,41,0,41,20,95,4,43,239,39,34,137,178,50,302,72,107,174,188,70,32,36
"1126",5624,"Bussigny",66,4155,146,0,35,677,252,0,0,4,0,258,89,670,9,0,0,18,23,254,424,5675,467,0,260,150,150,275,692,30,149,1628,552,2098,579,449,204,264,547,93,878,378,4506,4164,342,472,305,1127,122,134,2343,2163,2167,1997,2947,1217,377,470,370,1934,1013,233,984,75,302,86,384,72,298,176,166,247,225,0,305,501,626,77,45,63,71,59,287,806,174,2112,320,212,53,60,92,193,595,967,958,452,615,183,706,1909,199,532,270,383,41,692,2961,41,0,83,45,225,36,303,719,189,143,153,292,84,266,165,249,218,154,152,52,125
"1127",5627,"Chavannes-près-Renens",74,2540,164,0,42,961,94,0,0,4,14,236,59,926,4,5,0,56,31,329,256,4158,455,4,349,249,238,319,680,260,214,1589,506,1445,372,198,124,198,547,235,857,491,3669,3373,296,419,249,897,215,101,1962,1707,1810,1563,2658,715,247,229,239,1681,977,129,586,45,202,52,177,32,207,152,144,209,210,12,237,415,482,82,133,47,54,44,213,484,131,1944,276,121,35,46,42,125,691,669,631,229,759,144,695,1477,181,327,119,424,4,602,2400,4,0,69,49,180,34,270,605,144,161,106,151,35,244,173,106,239,171,133,20,112
"1129",5635.1,"Ecublens Motty-EPFL",79,2572,106,0,56,412,131,0,0,5,8,201,63,426,4,0,0,43,13,175,271,3547,330,0,283,88,52,204,303,56,75,890,331,1200,396,240,132,252,456,285,553,279,2789,2563,226,413,194,788,73,41,1480,1309,1351,1212,1860,703,248,234,221,1255,605,96,607,37,211,22,212,37,184,129,97,220,193,0,194,342,446,36,37,20,21,24,197,487,109,1327,181,154,44,44,75,97,658,507,517,180,346,92,408,969,82,390,216,379,16,487,1770,16,0,73,48,167,32,167,354,63,87,109,126,28,283,84,83,255,91,96,33,78
"1130",5635.2,"Ecublens Croset-Epagny",71,2422,289,0,24,960,112,4,0,5,18,272,64,921,0,4,0,40,47,221,266,4002,612,4,219,236,205,350,821,97,196,1863,485,1473,360,221,125,231,306,99,612,396,3706,3370,336,352,212,934,143,128,1965,1741,1803,1567,2671,699,233,185,281,1690,981,113,586,31,202,20,165,62,219,162,174,189,163,0,212,398,536,82,61,50,78,39,223,393,134,2017,249,147,28,16,68,98,471,654,718,313,868,144,773,1627,92,308,94,330,34,733,2247,34,5,105,38,237,0,348,515,149,154,72,221,60,198,156,141,156,150,134,12,129
"1132",5638,"Lonay-Basse Venoge",115,3756,60,0,67,351,215,0,0,0,16,150,76,276,5,0,0,19,13,165,425,4622,253,4,269,39,63,113,361,4,93,992,477,1530,478,388,225,302,605,158,788,254,3263,3085,178,480,245,1137,90,69,1825,1438,1717,1368,2160,925,294,321,310,1588,572,129,796,35,259,44,277,50,260,108,70,260,220,4,241,462,675,43,47,41,28,39,254,597,113,1388,283,287,67,89,124,186,653,729,545,262,321,122,510,1137,203,550,238,373,81,518,2091,81,0,61,32,204,35,186,395,129,115,92,191,49,234,121,171,193,150,94,33,124
"1136",5643,"Préverenges-St-Sulpice",154,4465,72,0,142,413,233,0,0,29,13,187,163,487,9,0,0,58,4,311,547,5818,320,4,622,41,63,226,336,40,83,998,420,1800,663,508,237,456,1084,437,715,533,4360,4112,248,537,288,1364,83,106,2427,1933,2263,1849,3005,1107,370,368,369,2031,974,232,875,105,265,58,310,69,300,164,84,252,285,4,284,585,779,21,62,55,51,45,298,733,165,1977,380,365,115,170,126,168,1028,926,834,293,321,130,522,1543,250,823,253,579,25,561,3021,25,0,99,85,220,30,127,593,150,137,171,313,95,354,133,184,342,244,169,29,107
"1138",5649,"Tolochenaz-Apples",145,4286,32,0,152,260,276,0,0,4,8,142,194,268,8,0,0,9,12,254,567,5398,229,4,553,9,28,143,281,0,80,1006,332,1743,635,474,299,368,841,216,1071,410,3980,3777,203,588,317,1003,62,97,2168,1812,2074,1703,2587,1190,395,379,416,1877,710,197,993,45,350,58,321,94,322,94,109,275,313,8,309,466,537,28,34,33,64,64,337,727,161,1543,417,356,101,146,165,213,833,901,629,323,317,150,446,1407,240,821,305,449,120,452,2704,120,0,49,47,247,8,101,487,142,109,145,267,53,295,124,173,271,206,227,58,147
"1131",5636,"Etoy-Yens",106,3902,20,0,151,342,187,0,0,17,4,66,135,349,12,0,0,23,9,158,383,4792,122,4,446,21,20,133,488,0,74,1034,343,1552,440,538,200,303,792,172,974,433,3818,3668,150,430,276,818,40,96,2148,1670,2075,1593,2671,997,298,345,354,1901,770,174,823,60,238,52,293,62,292,73,77,201,229,8,268,351,467,21,19,55,41,78,274,674,100,1564,389,403,124,120,162,188,733,847,669,300,404,125,593,1294,217,799,186,480,121,572,2582,121,0,134,82,129,23,204,521,132,130,128,221,55,350,160,174,172,225,195,19,100
"1141",5704,"Begnins-Marchairuz",139,3479,52,0,213,136,205,4,0,16,4,71,192,186,8,0,0,46,0,232,495,4349,166,0,674,25,9,64,190,4,80,782,391,1398,530,408,242,341,611,153,931,359,3352,3114,238,364,271,891,40,67,1834,1518,1709,1405,2161,953,343,303,307,1493,668,216,737,83,260,43,260,90,217,125,113,183,181,9,262,431,460,21,19,38,29,64,236,615,149,1275,302,316,93,98,175,199,604,779,560,238,251,122,527,1178,135,659,185,317,157,365,2203,157,0,53,57,110,27,118,407,177,80,88,253,52,299,102,130,123,152,146,52,142
"1142",5711,"Commugny Terre-Sainte",183,2679,87,0,521,260,234,0,0,23,11,71,358,168,9,0,0,59,14,396,606,3877,226,0,1322,17,9,208,136,4,34,702,253,886,568,362,217,563,1219,254,1048,365,2956,2806,150,643,351,987,32,109,1788,1168,1682,1124,2043,763,205,267,291,1516,527,166,597,35,170,46,221,85,206,106,44,346,297,9,342,506,481,20,12,61,48,85,202,465,105,1176,286,382,196,210,151,111,939,579,353,104,113,51,183,848,166,946,156,446,15,246,2211,15,0,39,16,108,31,52,483,75,61,76,408,41,385,97,76,170,111,70,38,120
"1143",5712,"Coppet-Founex",150,2190,104,0,539,324,164,4,0,16,0,45,321,202,12,0,0,75,9,367,475,3250,256,8,1257,19,33,251,162,13,47,603,308,776,507,279,151,609,1022,156,775,305,2615,2436,179,557,359,812,41,114,1432,1183,1314,1122,1769,667,228,212,227,1169,600,145,522,47,181,37,175,61,166,118,61,259,298,16,343,339,473,16,25,52,62,44,180,397,123,1028,169,393,140,193,126,133,772,449,303,114,164,65,166,883,79,802,124,334,50,191,1836,50,0,28,28,72,11,52,408,59,63,92,385,28,305,54,76,156,43,44,27,96
"1146",5718,"Genolier-Givrine",195,3666,48,0,333,289,270,0,0,15,4,98,316,224,0,0,0,64,5,388,678,4928,214,0,1044,16,13,172,236,8,69,874,430,1536,558,473,253,521,985,169,940,393,3750,3527,223,533,372,1000,128,130,2059,1691,1954,1573,2486,1041,360,309,372,1717,769,237,804,66,294,58,251,113,259,105,118,236,297,12,360,483,517,85,43,70,60,87,238,648,138,1636,295,315,138,198,195,241,829,831,564,209,223,107,489,1275,172,811,215,471,67,392,2584,67,0,86,40,113,28,125,491,136,117,134,399,28,313,122,146,215,168,108,44,163
"1153",5725,"Prangins-Trélex",196,3441,40,0,371,262,235,0,0,41,4,89,245,217,18,0,0,87,0,336,621,4558,205,8,1039,26,28,139,225,5,45,719,431,1477,609,413,250,509,908,168,932,402,3467,3290,177,579,394,1013,62,78,1839,1628,1736,1554,2364,926,278,342,306,1598,766,138,788,46,232,48,294,44,262,103,74,324,255,4,390,535,478,39,23,38,40,54,236,568,143,1451,329,389,120,120,198,173,831,717,565,233,240,95,364,1334,137,841,226,276,51,376,2453,51,0,66,44,146,21,99,458,138,81,111,408,33,278,135,106,173,201,131,58,142
"1144",5713,"Crans-Bogis",145,2314,61,0,356,171,208,0,0,36,0,87,254,156,0,0,0,53,13,272,537,3268,159,0,953,18,18,115,137,4,53,549,366,1001,438,252,128,420,777,107,728,301,2498,2339,159,467,255,792,36,79,1217,1281,1135,1204,1633,706,265,232,209,1033,600,102,604,22,243,28,204,52,157,82,77,241,226,5,250,329,463,8,28,36,43,36,157,468,97,977,241,292,136,119,122,104,646,449,413,121,169,61,221,864,128,626,164,263,61,239,1771,61,8,24,35,104,12,56,339,53,115,57,322,37,251,69,91,118,98,82,21,118
"1145",5714,"Bonmont",160,3117,29,0,342,231,228,4,0,8,13,48,247,171,4,0,0,46,10,205,513,4008,105,0,825,20,7,130,144,0,84,697,325,1275,457,461,185,430,775,122,847,353,3165,3008,157,513,283,785,40,77,1706,1459,1635,1373,2163,845,279,261,305,1479,684,156,689,56,223,36,225,64,241,71,86,274,239,0,283,310,475,32,8,12,65,64,217,539,96,1305,263,398,101,161,117,208,721,675,496,234,215,80,439,1126,151,699,187,316,118,341,2129,118,0,72,48,78,4,139,386,113,38,104,321,77,299,105,109,158,151,76,46,146
"1147",5721.1,"Gland Village",108,2870,112,0,87,429,171,0,0,8,5,123,139,528,5,0,0,34,4,196,353,3991,296,0,400,176,57,152,530,9,91,989,453,1415,500,301,98,324,539,62,811,362,3536,3334,202,331,220,564,73,101,1927,1609,1816,1518,2515,819,283,299,237,1684,831,132,687,24,259,53,246,55,182,111,91,154,177,4,216,218,346,42,31,26,75,49,166,528,129,1834,293,178,53,60,103,168,577,752,711,308,458,150,505,1536,160,587,104,350,32,500,2360,32,0,49,61,128,29,233,466,189,110,128,307,79,277,156,105,81,173,114,45,130
"1148",5721.2,"Gland Mauverney-Bochet",126,2777,62,0,167,287,175,0,0,8,0,148,122,438,0,4,0,37,6,196,378,3838,265,0,471,60,4,190,388,4,93,867,291,1229,503,396,199,243,578,110,681,314,3136,2953,183,419,235,641,71,48,1581,1555,1500,1453,2184,769,303,226,240,1434,750,66,703,29,274,15,211,22,218,81,102,187,232,11,224,286,355,44,27,36,12,32,210,495,127,1515,245,236,77,53,124,132,623,642,604,263,351,84,330,1262,152,651,181,298,37,304,2274,37,4,55,49,92,29,75,385,140,96,75,302,52,290,111,143,145,181,152,41,161
"1156",5757,"Orbe",51,3398,66,0,4,550,117,0,0,0,0,102,51,537,0,16,0,9,22,168,189,4370,222,0,138,83,94,206,618,0,149,1356,475,1652,388,334,123,234,251,40,757,431,3461,3216,245,378,172,880,130,81,1878,1583,1752,1464,2416,800,279,320,201,1627,789,125,675,46,233,46,274,33,168,126,119,158,220,0,172,368,512,59,71,35,46,41,162,562,161,1606,253,241,44,31,93,169,371,763,676,350,541,180,672,1429,155,362,124,329,51,732,2095,51,0,249,48,128,34,273,413,116,112,114,112,34,264,160,150,131,228,177,7,77
"1159",5782,"Mézières-Haute Broye",74,4814,33,0,17,160,214,0,0,0,4,100,89,213,0,0,0,14,0,109,351,5535,157,4,193,62,9,77,161,0,94,1023,436,2052,510,571,258,277,476,86,918,439,3942,3794,148,434,289,970,139,65,2050,1892,1990,1804,2546,1248,377,417,454,1802,744,188,1060,73,304,61,356,54,400,60,88,212,222,0,289,424,546,88,51,26,39,67,360,754,165,1586,314,389,58,68,163,300,584,983,752,378,333,180,766,1498,268,506,241,418,188,591,2540,188,8,129,31,143,31,249,439,134,122,105,171,28,267,106,265,235,269,243,37,119
"1074",5498,"Mormont",82,4633,44,0,27,278,194,0,0,0,4,124,41,333,8,0,0,9,14,104,324,5429,188,4,154,84,24,102,357,4,118,1190,521,2068,455,490,205,265,454,81,850,490,4152,3964,188,412,203,971,102,58,2183,1969,2087,1877,2768,1196,378,419,399,1924,844,163,1033,40,338,64,355,59,340,96,92,197,215,5,198,472,499,32,70,25,33,63,290,780,141,1829,385,314,72,81,125,220,544,1012,845,419,485,164,779,1598,252,584,271,374,179,704,2564,179,0,99,85,281,16,223,529,170,110,142,185,51,274,98,194,221,287,143,43,117
"1161",5816.1,"Corcelles-Rives du Lac",224,3168,22,0,9,154,177,0,0,0,0,43,19,194,0,4,0,0,4,117,453,3713,97,0,75,32,22,95,213,0,122,896,341,1506,301,349,144,148,223,59,672,300,2802,2666,136,210,217,783,85,53,1555,1247,1483,1183,1915,751,189,281,281,1390,525,93,658,45,144,24,257,24,257,72,64,96,114,0,217,350,433,31,54,33,20,72,190,461,51,1227,245,276,40,45,120,268,282,639,515,368,263,126,668,1081,141,324,131,210,169,618,1558,169,0,155,64,198,12,189,377,90,56,60,104,37,123,42,183,118,148,129,12,79
"1070",5451,"Avenches-Salavaux",755,2793,58,4,33,425,403,4,0,12,11,67,38,452,0,4,0,4,10,156,1305,3889,161,4,186,111,50,46,646,8,139,1329,534,1660,378,482,148,145,277,74,548,335,3535,3310,225,251,248,1025,133,45,1958,1577,1831,1479,2380,930,325,308,297,1669,711,162,768,65,260,57,251,40,257,127,98,106,145,4,244,424,601,60,73,29,16,51,225,567,143,1504,316,363,58,50,159,216,314,830,641,394,488,158,878,1273,155,408,115,373,159,706,2020,159,0,173,46,251,36,200,545,117,158,60,100,32,207,77,214,112,141,139,51,67
"1163",5822,"Payerne",74,4485,100,0,10,976,181,0,0,4,8,170,21,1074,0,0,0,4,62,233,331,6163,341,4,90,520,130,202,1121,44,292,2429,757,2388,519,345,121,159,228,51,1063,507,4641,4196,445,463,350,1496,276,166,2577,2064,2374,1822,3087,1109,322,410,377,2206,881,168,941,47,275,43,367,78,299,203,242,212,251,0,350,631,865,131,145,53,113,49,294,713,131,2164,357,233,48,39,114,211,318,802,833,609,1006,237,1179,1829,210,381,136,240,119,1062,2471,119,0,188,202,269,20,383,658,201,155,42,193,28,186,146,256,101,206,174,22,103
"1166",5861,"Rolle",77,2440,101,0,216,448,153,0,0,0,0,118,161,348,13,9,0,57,14,292,319,3488,291,0,647,131,39,190,494,5,107,916,381,951,356,298,186,306,757,129,633,380,3006,2776,230,272,250,772,69,75,1621,1385,1538,1238,2115,661,220,197,244,1431,684,107,554,32,188,29,168,46,198,83,147,90,182,4,246,302,470,46,23,27,48,61,184,410,114,1326,286,289,74,79,135,89,622,625,436,179,461,86,364,1100,138,600,136,325,53,368,1992,53,0,60,46,102,24,136,455,97,84,80,268,32,206,85,134,169,156,93,16,117
"1165",5857,"La Côte",159,3671,83,0,292,314,245,8,0,19,9,115,153,302,0,0,0,23,0,299,584,4769,265,8,726,31,12,148,303,4,68,908,456,1513,590,442,223,425,860,145,959,478,3892,3689,203,433,351,846,62,112,2140,1752,2034,1655,2635,1054,320,394,340,1854,781,180,874,61,259,45,349,74,266,106,97,227,206,8,343,403,443,27,35,52,60,55,288,700,138,1508,312,539,131,133,189,205,768,811,727,291,312,122,559,1406,159,804,204,417,203,368,2610,203,0,47,62,146,41,72,566,158,117,96,345,41,331,93,144,186,206,150,53,124
"1167",5872,"Vallée de Joux",36,4207,120,0,17,349,156,0,4,0,0,127,64,312,0,9,0,5,4,125,236,4988,275,12,178,19,106,107,362,20,121,1495,443,2046,387,415,90,163,247,27,600,359,3440,3282,158,274,161,1492,84,80,1906,1534,1830,1452,2447,835,288,272,275,1672,775,158,677,56,232,58,214,44,231,76,82,101,173,0,161,617,875,45,39,41,39,51,205,525,153,1689,271,230,70,16,113,219,216,712,559,595,592,193,1219,1142,153,364,148,134,125,1284,1553,125,12,116,12,893,58,193,391,108,125,29,89,19,76,74,100,178,157,106,29,72
"1168",5881,"Blonay",172,3445,33,4,184,187,245,0,0,28,0,72,165,131,4,0,0,56,4,180,528,4239,132,4,588,8,12,139,86,4,45,667,343,1467,497,443,215,370,658,175,833,269,3054,2907,147,394,285,1076,54,50,1643,1411,1563,1344,1927,980,239,391,350,1386,541,177,803,37,202,52,339,88,262,80,67,200,194,12,273,469,607,35,19,34,16,48,275,619,88,1174,223,348,92,112,155,111,621,701,680,190,152,94,289,1138,187,668,213,324,21,343,2220,21,4,62,41,91,19,126,357,100,122,53,251,31,276,126,238,166,199,167,44,90
"1169",5883,"Corseaux-Mont Pèlerin",194,2656,17,0,225,154,183,0,0,4,4,63,116,127,0,0,0,12,4,167,475,3302,105,0,474,12,9,113,102,4,24,530,278,1174,363,309,198,295,610,107,512,254,2356,2211,145,275,167,1028,31,64,1268,1088,1190,1021,1547,664,202,194,268,1058,489,132,532,41,161,35,159,56,212,78,67,141,134,4,163,490,538,12,19,26,38,30,225,349,116,901,209,277,77,101,104,129,440,551,420,168,168,57,202,806,161,558,136,292,48,270,1645,48,0,63,20,90,4,93,288,56,153,57,143,44,252,57,118,149,117,87,61,63
"1170",5884,"Corsier-Jongny",101,2481,58,0,149,351,153,0,0,21,4,114,62,310,0,0,0,40,9,148,354,3264,192,4,374,64,86,121,284,9,93,923,266,1124,386,291,153,205,434,74,497,276,2408,2273,135,325,198,932,92,47,1271,1137,1211,1062,1603,670,221,235,214,1089,514,122,548,23,198,54,181,45,169,60,75,161,164,4,194,389,543,48,44,26,21,34,160,447,112,1043,212,199,52,52,74,139,427,490,509,149,305,79,372,908,144,362,177,246,41,313,1682,41,4,51,9,91,20,138,320,56,107,57,179,20,219,68,121,164,147,130,20,74
"1175",5886.5,"Montreux-Territet-Hauts Veytaux",114,2079,62,4,104,247,170,0,0,4,0,87,123,190,10,0,0,35,9,168,362,2797,193,4,389,42,71,85,152,13,62,641,327,953,321,285,118,244,332,85,278,139,2025,1845,180,276,114,854,92,47,1057,968,966,879,1276,569,192,210,167,841,435,125,444,44,148,30,180,51,116,91,89,113,163,5,109,388,466,34,58,30,17,36,112,407,74,798,147,179,41,74,77,139,326,460,336,161,174,57,269,749,134,318,111,180,26,205,1331,26,0,34,12,54,16,89,203,61,174,45,93,46,161,62,40,124,132,87,41,62
"1177",5889.1,"La Tour-de-Peilz Ville-Sully",47,2701,65,0,70,314,168,0,0,4,0,104,59,288,8,4,0,5,9,176,274,3480,217,0,244,31,75,217,199,0,60,817,377,1253,363,237,139,278,357,91,468,194,2318,2110,208,237,146,1123,132,67,1229,1089,1104,1006,1491,619,207,235,177,991,500,113,506,41,166,34,201,38,139,125,83,131,106,16,130,387,736,52,80,34,33,28,139,431,98,1016,178,107,44,57,81,88,434,438,484,164,254,67,314,937,148,271,159,193,12,275,1593,12,0,32,29,95,16,103,298,56,86,44,155,56,166,59,99,164,174,136,20,80
"1178",5889.2,"La Tour-de-Peilz Vassin-Burier",136,3482,27,0,118,306,280,0,0,10,4,209,107,359,8,0,0,31,9,175,524,4582,288,4,410,67,78,186,273,9,64,928,470,1639,561,378,168,278,576,155,814,339,3188,3023,165,386,270,1231,103,81,1646,1542,1567,1456,2033,990,296,376,318,1391,642,176,814,63,233,42,334,71,247,79,86,200,186,5,265,468,763,54,49,25,56,56,264,645,113,1293,273,248,89,94,93,98,592,684,718,224,310,125,378,1269,184,543,245,298,44,318,2339,44,4,31,32,86,32,133,425,92,112,55,267,70,288,96,152,170,262,183,70,97
"1179",5890.1,"Vevey Marché-Faubourg St-Antoine",58,2609,137,0,99,520,100,8,0,4,0,182,133,562,5,12,0,62,15,218,235,3781,410,4,426,162,132,240,402,44,87,1183,404,1053,372,275,152,379,678,68,534,310,3120,2817,303,278,165,958,131,74,1661,1459,1496,1321,2078,739,288,203,248,1339,739,157,582,38,250,46,157,73,175,165,138,118,160,23,142,357,601,69,62,43,31,27,202,457,161,1418,260,165,58,89,68,149,702,574,440,195,415,127,416,1116,201,359,173,459,26,388,1987,26,0,62,38,80,12,196,333,33,159,99,184,43,288,109,109,195,177,140,40,78
"1180",5890.2,"Vevey St-Martin-Charmontey",91,3253,156,0,95,395,157,4,0,4,4,266,111,509,0,5,0,26,28,204,334,4490,487,4,355,163,117,169,373,8,73,1209,396,1459,500,312,199,361,615,122,562,260,3277,3016,261,383,183,1213,168,78,1657,1620,1503,1513,2071,945,285,320,340,1290,781,213,732,53,232,89,231,71,269,154,107,178,205,9,174,501,712,125,43,39,39,70,230,587,142,1335,292,205,46,89,112,102,705,659,552,237,413,108,401,1243,257,383,208,437,20,330,2267,20,0,31,21,69,27,182,316,53,201,106,121,27,341,104,159,195,255,235,46,108
"1181",5890.3,"Vevey Nord-Gilamont",29,1804,139,0,36,956,63,0,0,13,10,184,66,828,0,0,0,49,28,279,153,3161,345,0,321,324,263,283,860,23,181,1676,431,1080,293,173,68,176,294,8,555,308,3028,2698,330,280,215,619,231,122,1539,1489,1344,1354,2001,697,199,240,258,1257,744,87,610,14,185,43,197,30,228,195,135,128,152,5,210,276,343,131,100,72,50,28,231,418,90,1399,292,102,16,13,83,99,385,553,487,211,700,157,584,1392,115,219,74,217,35,515,1794,35,0,54,26,175,16,244,397,43,174,76,106,17,193,123,94,103,146,179,52,91
"1187",5939,"Yvonand-Menthue",101,5005,11,0,21,131,192,4,0,0,0,103,71,230,4,0,0,9,5,125,372,5717,159,0,196,8,29,118,163,0,94,1151,492,2289,427,588,147,247,431,116,868,344,3936,3765,171,371,256,1344,88,25,2297,1639,2224,1541,2661,1104,285,398,421,2024,637,200,904,53,232,43,355,104,317,73,98,202,169,0,256,638,706,45,43,13,12,51,375,634,171,1616,379,393,43,76,175,309,501,849,819,468,261,265,956,1443,210,486,243,343,241,594,2435,241,4,107,31,187,20,245,492,156,85,74,142,24,272,114,216,218,244,225,46,127
"1183",5938.2,"Yverdon-les-Bains Floreyres-Bains",60,3208,49,0,28,382,134,0,0,0,0,108,56,556,5,0,0,19,9,103,242,4160,190,0,155,102,142,143,439,10,101,1214,442,1270,409,299,181,246,394,80,657,377,2838,2584,254,326,228,1130,114,79,1541,1297,1409,1175,1753,831,248,260,323,1250,503,159,672,33,215,32,228,94,229,132,122,170,156,0,228,445,685,48,66,37,42,38,262,495,115,1170,222,186,56,39,128,93,417,550,450,297,439,119,495,1024,163,364,180,288,29,499,1720,29,0,135,38,129,27,170,298,111,109,70,105,31,145,116,85,162,195,181,12,100
"1184",5938.3,"Yverdon-les-Bains Pierre-de-Savoie-Moulins",78,2744,70,0,24,822,91,4,0,0,24,134,35,869,0,4,0,20,27,174,254,4039,240,0,151,208,491,154,741,18,247,1560,530,1563,328,280,92,162,237,36,812,484,3304,2948,356,269,303,967,189,93,1753,1551,1548,1400,2178,770,209,263,298,1446,732,102,668,35,174,34,229,33,265,205,151,133,136,9,294,402,565,98,91,34,59,47,240,477,112,1493,264,158,32,4,76,108,278,632,670,310,709,148,690,1315,139,277,115,275,52,618,1894,52,0,170,79,159,8,202,395,157,155,41,98,72,135,131,84,133,145,203,24,121
"1182",5938.1,"Yverdon-les-Bains Ville",51,3491,95,0,20,563,110,0,0,9,5,145,76,500,4,5,0,19,20,165,219,4483,299,4,208,80,286,152,426,5,171,1328,413,1578,404,267,198,222,472,127,465,285,3296,2987,309,329,174,1107,260,121,1784,1512,1584,1403,2114,873,356,203,314,1419,695,165,708,67,289,30,173,68,246,200,109,150,179,5,169,406,701,127,133,76,45,50,216,523,119,1457,263,189,12,78,79,144,530,719,562,341,407,122,532,1248,184,316,187,383,50,518,1997,50,0,116,75,182,13,132,336,101,81,108,133,33,191,96,132,204,211,194,36,141
"1185",5938.4,"Yverdon-les-Bains Cheminet",41,2314,33,0,19,593,94,0,0,5,10,113,42,525,0,0,0,0,20,95,171,3182,153,0,122,72,342,121,532,0,141,1281,365,1071,251,201,103,123,264,32,480,260,2438,2188,250,198,108,948,169,44,1310,1128,1174,1014,1635,553,174,178,201,1093,542,81,472,21,153,33,145,27,174,136,114,128,70,4,104,334,614,76,93,36,8,20,170,360,120,1098,237,89,27,27,44,68,268,492,350,246,539,138,559,876,132,154,101,248,25,514,1363,25,0,146,51,121,30,166,261,112,121,39,79,23,111,101,55,112,84,168,28,69
"1186",5938.5,"Yverdon-les-Bains Cygnes-St-Georges",16,2316,85,0,8,705,69,0,0,0,0,125,48,643,0,0,0,21,17,111,116,3312,234,0,125,77,368,157,680,13,176,1439,380,1147,262,200,58,139,225,32,524,314,2601,2330,271,233,194,811,219,96,1402,1199,1246,1084,1721,609,217,195,197,1132,589,114,495,43,174,26,169,45,152,156,115,131,102,4,190,291,520,119,100,44,52,37,157,382,105,1152,274,129,8,20,47,100,246,437,471,250,653,112,599,1004,103,167,138,230,58,502,1504,58,0,134,80,80,21,187,300,87,136,65,94,20,116,98,77,133,117,134,16,111
"1158",5764,"Vallorbe-Vaulion",27,3067,58,0,5,149,111,0,0,4,0,133,47,273,0,4,0,4,0,40,157,3671,210,0,80,90,36,100,151,0,103,1030,367,1473,251,292,67,97,149,32,537,221,2361,2189,172,186,225,999,110,37,1303,1058,1204,985,1546,643,159,267,217,1099,447,105,538,27,132,49,218,29,188,99,73,99,87,0,225,444,555,61,49,21,16,51,175,415,97,1071,169,119,15,36,102,83,188,492,476,394,288,121,656,954,105,163,105,147,35,544,1336,35,0,85,44,210,20,185,302,119,114,39,61,27,62,57,129,110,107,91,37,81
"1157",5761,"Romainmôtier-Vallons",32,3375,25,0,26,102,109,0,0,0,0,66,39,164,0,0,0,8,12,45,165,3801,98,4,97,30,26,74,104,0,67,807,316,1541,298,335,136,158,278,44,536,259,2716,2623,93,239,180,764,68,40,1432,1284,1382,1241,1758,865,290,309,266,1244,514,138,727,49,241,41,268,48,218,50,43,83,156,4,176,307,457,37,31,19,21,48,194,560,140,1104,201,228,16,32,120,227,357,644,555,291,229,156,658,956,152,281,192,262,178,467,1572,178,7,107,16,117,40,180,332,106,101,40,81,12,120,50,186,113,175,180,17,59
"1154",5745,"Baulmes-Colline de Chamblon",60,3311,20,0,18,125,109,0,0,0,8,98,15,224,4,0,0,0,4,76,205,3826,139,0,82,38,57,75,168,0,67,843,400,1531,271,336,108,180,228,58,661,214,2931,2830,101,279,144,642,39,33,1654,1277,1608,1222,1967,863,239,340,284,1447,520,161,702,48,191,55,285,58,226,46,55,121,158,4,140,297,345,15,24,21,12,34,208,604,74,1162,269,322,32,52,189,210,347,643,555,305,338,169,704,1018,151,364,178,300,143,506,1849,143,0,95,32,141,24,214,421,154,118,90,103,20,164,61,134,162,172,110,44,96
"1080",5561,"Grandson-Montagny",72,2963,46,0,13,168,130,0,0,4,0,108,52,210,0,4,0,4,14,72,230,3540,175,4,107,19,94,45,206,0,82,778,250,1369,354,289,136,159,333,50,482,283,2483,2326,157,318,204,706,96,57,1366,1117,1257,1069,1619,707,243,264,200,1141,478,116,591,45,198,40,224,31,169,109,48,149,169,0,204,293,413,55,41,25,32,52,134,493,97,1069,214,176,46,34,116,114,345,584,430,344,236,78,434,902,144,395,124,245,77,477,1501,77,4,61,50,159,28,175,282,116,100,67,115,20,111,42,103,146,156,126,28,89
"1198",6057,"Goms",5863,31,35,8,0,272,145,17,0,25,133,0,0,10,0,9,0,11,0,40,6223,218,77,8,51,0,211,0,133,0,158,1575,645,2630,596,496,76,67,231,80,395,294,3935,3866,69,508,463,1577,78,57,2342,1593,2308,1558,2926,940,159,313,468,2144,782,164,776,40,119,24,289,100,368,34,35,253,255,16,447,733,844,62,16,18,39,120,305,499,40,1700,489,319,16,24,258,284,243,960,753,725,392,218,1158,1428,215,468,73,276,104,719,2426,104,0,134,114,97,96,278,488,404,454,32,82,32,164,83,105,179,138,112,55,98
"1190",6002.3,"Brig-Simplonpass",4662,48,81,0,0,108,116,80,0,31,59,0,0,0,0,0,0,10,0,84,5022,240,202,0,76,19,64,8,44,0,109,991,469,2040,412,389,167,169,396,129,660,304,3175,3142,33,491,441,1085,42,46,1917,1258,1909,1233,2255,887,139,280,468,1769,486,140,747,50,89,66,214,24,444,8,25,290,201,10,431,540,545,26,16,38,8,87,350,463,66,1480,280,206,34,56,89,129,426,817,452,707,280,152,687,1178,291,345,269,266,100,738,1971,100,0,105,225,114,87,207,254,329,127,50,113,8,160,26,148,303,222,150,32,49
"1191",6007,"Naters",5631,32,112,0,0,317,137,174,23,16,219,8,0,0,0,0,0,9,20,180,6361,305,388,32,42,211,170,48,125,0,136,1270,757,3007,466,415,146,236,311,108,726,408,4222,4087,135,365,611,1529,115,24,2459,1763,2401,1686,2910,1177,288,332,557,2244,666,157,1020,47,241,34,298,76,481,58,77,172,193,16,595,715,814,41,74,9,15,59,498,654,72,1842,443,296,24,30,87,177,483,1111,769,966,328,123,940,1795,230,459,252,284,49,982,2635,49,0,144,338,113,84,303,442,453,217,67,161,33,252,60,151,241,205,206,0,147
"1189",6002.2,"Brig-Glis Glis",3190,17,57,0,8,127,40,41,8,48,127,0,0,9,0,0,0,0,0,25,3477,90,106,8,72,54,103,10,35,10,78,714,482,1643,262,180,61,121,83,39,320,171,2372,2332,40,274,308,639,57,54,1223,1149,1216,1116,1746,586,146,104,336,1182,564,34,552,9,137,25,79,0,336,7,33,151,123,0,308,268,371,25,32,36,18,39,282,305,31,1311,212,60,16,8,35,64,178,609,579,440,178,226,437,1185,175,195,88,123,17,425,1649,17,0,26,140,42,48,169,246,230,98,31,119,9,125,68,127,172,214,137,0,73
"1188",6002.1,"Brig-Glis Stadt",3235,40,112,9,21,272,65,41,0,51,138,0,0,0,0,0,0,16,22,148,3667,206,248,9,120,166,110,35,93,12,83,830,434,1427,236,277,176,172,380,129,234,165,2545,2435,110,251,207,979,138,50,1282,1263,1219,1216,1743,692,216,127,349,1105,638,114,578,46,170,24,103,44,305,63,47,149,102,0,207,387,592,80,58,34,16,69,224,372,89,1037,278,162,32,57,106,129,427,675,294,363,266,93,350,1026,253,296,154,231,19,374,1706,19,0,24,131,57,0,162,228,178,148,66,76,15,236,63,101,186,151,114,39,105
"1237",6293,"Vispa-Saastal",5607,42,26,0,26,284,94,8,8,78,165,8,0,0,9,0,0,30,8,79,6038,159,69,8,195,60,170,37,181,8,166,1491,690,2786,376,339,82,152,253,33,662,287,4442,4390,52,342,404,1151,83,56,2576,1866,2550,1840,3384,1006,266,257,483,2402,982,148,858,82,184,25,232,41,442,26,26,150,192,0,404,550,601,49,34,33,23,84,433,487,148,2194,467,315,31,51,157,193,274,944,970,927,523,321,1278,1962,285,356,98,217,111,1218,2605,111,8,206,389,159,56,400,585,225,666,26,175,15,185,84,88,162,176,87,66,65
"1238",6297,"Visp",4489,71,43,0,9,429,119,77,0,45,324,0,0,7,0,0,0,7,10,145,5190,300,190,0,101,262,264,38,148,50,129,1188,520,2228,526,276,97,227,345,157,557,267,3381,3276,105,575,347,1289,131,43,1890,1491,1813,1463,2456,820,264,153,403,1690,766,123,697,60,204,39,114,24,379,77,28,309,266,0,347,507,782,87,44,24,19,53,342,394,113,1662,326,176,16,25,135,96,454,818,676,584,385,97,829,1222,190,386,153,277,48,959,1847,48,0,86,470,99,17,287,316,153,108,74,89,0,292,100,168,122,163,153,8,101
"1201",6110,"Leuk- Leukerbad",4891,241,34,0,10,500,420,38,0,41,152,0,0,20,0,0,0,0,23,179,5703,852,134,8,102,89,152,25,283,0,181,1545,626,2712,466,371,161,136,224,67,706,352,4199,4101,98,250,422,1523,97,49,2393,1806,2348,1753,2979,1122,235,386,501,2147,832,201,921,48,187,76,310,77,424,45,53,127,123,0,422,662,861,74,23,40,9,78,399,613,107,1746,622,319,61,33,210,317,284,946,917,656,500,195,1015,1769,271,489,114,189,119,889,2656,119,0,99,314,67,34,375,505,197,398,69,192,17,179,103,199,113,259,177,81,167
"1202",6118,"Gampel-Steg Lötschental",5403,33,17,0,0,202,147,7,0,0,107,0,0,0,0,9,0,0,20,75,5739,238,49,8,49,117,73,17,65,9,195,1591,522,2558,410,317,65,159,157,15,780,267,3822,3747,75,345,397,1339,59,48,2064,1758,2046,1701,2708,1039,228,288,523,1912,796,134,905,44,184,42,246,48,475,18,57,183,162,0,397,639,700,43,16,33,15,65,458,499,98,1782,464,152,8,8,135,147,390,734,877,793,415,249,1250,1398,311,244,164,216,88,996,2151,88,0,138,316,134,39,369,419,203,173,66,166,7,188,103,104,191,151,238,27,115
"1217",6199,"Raron",6116,55,15,0,0,114,125,26,0,23,79,0,0,0,0,0,0,0,0,40,6409,212,57,0,46,45,32,9,76,0,103,1525,552,2866,448,444,137,204,224,56,777,326,3838,3777,61,498,710,1404,108,36,2253,1585,2226,1551,2820,957,143,247,567,2126,694,100,857,16,127,35,212,49,518,27,34,268,230,8,702,658,746,69,39,9,27,119,434,400,85,1835,414,221,32,0,99,125,357,931,778,825,375,254,996,1449,233,367,146,353,132,1105,2170,132,0,164,465,166,58,252,468,198,166,87,188,8,254,87,95,156,234,126,40,63
"1228",6252,"Chalais-Hérens",160,4518,155,0,10,423,221,0,0,0,8,165,36,400,0,0,0,0,0,196,501,5527,373,0,152,102,103,61,577,0,102,1782,542,2114,417,540,148,240,322,21,878,348,3937,3802,135,474,243,1495,116,26,2115,1822,2033,1769,2793,1009,277,378,354,1916,877,117,892,18,259,34,344,65,289,82,53,242,232,0,243,701,794,71,45,26,0,32,245,674,131,1712,376,282,16,64,137,215,347,926,664,568,736,156,954,1704,253,355,72,323,108,841,2355,108,0,142,150,136,71,342,432,228,274,64,95,145,223,168,128,131,146,225,26,70
"1162",5818,"Valbroye",51,3503,27,0,16,200,155,4,0,0,0,56,27,189,0,0,0,0,0,80,253,4006,98,0,86,38,8,58,263,0,65,1100,440,1507,340,384,63,157,163,26,594,242,2714,2621,93,284,246,910,85,70,1443,1271,1387,1234,1821,800,213,301,286,1283,538,104,696,40,173,12,289,52,234,56,37,111,173,6,240,411,499,32,53,34,36,61,194,455,111,1147,198,287,16,23,121,258,208,646,476,405,303,170,827,1034,138,234,134,160,190,625,1433,190,0,138,97,129,24,237,342,97,68,40,80,24,99,72,112,118,134,151,12,84
"1139",5675,"Lucens-Montanaire",65,3721,66,0,26,325,181,0,0,0,0,115,43,385,0,0,0,13,12,95,278,4541,201,0,135,151,64,104,359,0,98,1191,454,1725,422,427,130,183,315,32,682,404,3411,3232,179,292,205,982,96,75,1975,1436,1905,1327,2377,855,277,300,278,1753,624,152,703,44,233,52,248,56,222,70,109,144,148,12,193,427,555,45,51,53,22,51,224,522,130,1527,297,329,13,36,142,264,369,739,650,412,460,154,890,1230,160,343,185,298,176,706,1988,176,0,139,90,188,61,228,384,147,100,81,107,27,205,95,152,169,180,227,23,91
"1226",6248.3,"Sierre Géronde-Granges",309,2942,198,0,9,311,228,0,0,18,16,200,42,268,0,0,0,0,0,120,629,3791,423,0,148,25,95,49,401,8,119,1276,506,1528,271,255,130,230,252,41,496,240,2765,2624,141,333,291,960,166,98,1432,1333,1360,1264,1877,747,202,285,260,1295,582,65,682,15,187,34,251,16,244,72,69,171,162,9,282,427,533,78,88,55,43,32,230,480,96,1224,285,124,48,16,108,176,355,554,481,295,486,154,499,1177,147,272,165,221,74,523,1716,74,0,67,138,85,46,187,348,68,95,51,126,32,202,68,112,155,124,229,15,91
"1221",6238,"St-Léonard Mont-Noble",63,3573,49,0,21,178,75,0,0,0,9,68,0,208,0,0,0,7,0,59,164,3983,116,8,54,16,16,48,320,0,103,1092,468,1521,305,338,97,125,178,32,526,247,2569,2429,140,169,211,1178,139,45,1371,1198,1294,1135,1634,795,201,370,224,1160,474,134,661,34,167,50,320,50,174,77,63,60,109,8,203,529,649,76,63,45,0,31,179,566,122,1067,207,123,24,16,64,129,235,599,657,293,322,98,596,1006,181,271,101,202,109,402,1660,109,8,39,49,73,24,209,364,65,111,48,167,44,165,93,150,84,172,126,23,48
"1199",6082,"Grimisuat-Ayent",102,5679,8,0,68,181,128,0,0,0,0,50,52,251,0,0,0,0,18,139,305,6289,91,0,216,10,0,98,291,0,60,1802,504,2138,497,398,271,249,513,128,838,351,3967,3796,171,541,316,1671,91,87,2197,1770,2134,1662,2709,1087,223,422,442,1924,785,210,877,47,176,78,344,85,357,63,108,267,274,0,316,799,872,25,66,63,24,63,313,616,137,1805,398,244,64,55,253,222,425,802,809,453,550,180,882,1492,281,486,193,365,84,655,2547,84,0,160,51,84,26,334,602,161,207,73,152,85,188,91,227,175,253,185,43,105
"1200",6083,"Val d'Hérens",44,4543,0,0,53,129,105,0,0,0,0,61,37,96,0,0,0,0,0,59,181,4885,61,0,149,0,16,34,115,0,118,1322,447,1854,341,292,98,219,336,42,515,260,2969,2889,80,322,336,1351,108,43,1815,1154,1778,1111,2015,874,260,254,360,1608,407,170,704,53,207,42,212,75,285,37,43,155,167,0,336,761,590,59,49,19,24,47,265,524,116,1209,273,259,0,38,147,245,401,549,678,393,294,145,809,1081,184,284,127,255,106,592,1847,106,7,131,17,74,99,264,377,122,204,83,144,25,131,58,196,127,195,96,16,73
"1225",6248.2,"Sierre Villa-Muraz",366,2441,114,0,0,276,242,9,0,0,0,143,19,240,0,0,0,38,0,93,657,3178,290,0,83,72,71,35,350,0,89,863,483,1199,274,251,127,206,341,51,301,182,2349,2257,92,205,161,1101,67,95,1258,1091,1191,1066,1470,787,226,247,314,1020,450,171,616,69,157,61,186,41,273,67,25,108,97,0,161,435,666,35,32,53,42,23,233,481,82,836,322,128,15,87,98,49,333,522,447,239,410,77,514,821,159,281,176,240,43,513,1438,43,0,41,174,63,43,192,278,68,144,83,50,0,107,16,59,144,188,174,31,96
"1224",6248.1,"Sierre Ville-Liddes",237,2485,185,0,10,673,223,0,0,0,19,227,25,565,0,0,0,12,32,124,537,3641,436,0,74,115,216,75,778,59,234,1448,523,1400,325,237,80,232,189,68,463,249,2923,2735,188,246,158,1214,226,55,1539,1384,1428,1307,1958,777,164,337,276,1259,699,169,608,42,122,58,279,69,207,111,77,100,146,0,158,376,838,63,163,26,29,17,275,483,87,1339,313,130,0,41,58,87,327,447,529,310,787,162,807,1198,217,179,132,107,59,571,1825,59,0,68,129,67,15,292,435,130,159,49,83,34,126,114,36,97,216,202,17,127
"1235",6266.6,"Sion Bramois-Uvrier",48,3106,0,0,8,157,96,0,0,0,0,60,32,120,0,0,0,8,9,49,160,3463,77,0,72,0,20,30,229,0,42,752,289,1153,372,213,179,273,313,53,560,259,2580,2473,107,273,137,576,72,56,1352,1228,1287,1186,1522,951,260,237,454,1126,396,161,790,41,219,47,190,73,381,65,42,167,106,0,137,239,337,24,48,28,28,34,410,483,138,1015,258,67,24,31,58,90,531,568,537,249,255,133,387,1044,244,267,244,226,47,491,1746,47,17,73,17,54,58,272,263,64,71,75,131,30,158,48,153,247,249,144,41,72
"1194",6024,"Nendaz-Veysonnaz",71,4707,19,0,38,181,107,0,0,0,0,33,34,144,9,0,0,0,0,44,202,5069,69,0,118,0,44,11,179,0,50,1387,457,1847,391,355,180,313,282,41,670,360,3455,3334,121,289,285,1204,82,64,1868,1587,1780,1554,2193,1141,258,409,474,1591,602,189,952,34,224,44,365,111,363,88,33,118,171,7,278,604,600,49,33,33,31,83,339,631,93,1309,474,202,29,59,165,117,373,781,658,542,519,100,792,1428,156,394,159,274,116,678,2133,116,0,183,73,133,18,271,326,166,237,117,106,103,233,73,212,180,140,191,18,31
"1193",6023,"Conthey",97,4806,56,0,8,560,160,11,0,0,8,81,41,539,0,0,0,0,22,163,333,5781,223,0,103,262,60,109,672,25,145,1842,632,2272,391,422,186,223,349,23,899,523,4235,3927,308,417,273,1395,131,87,2258,1977,2113,1814,2663,1264,330,406,528,1946,717,167,1097,31,299,50,356,86,442,145,163,242,175,0,273,701,694,92,39,26,61,46,441,704,140,1675,471,232,41,23,114,289,449,851,866,468,654,181,998,1849,196,346,177,269,240,752,2522,240,9,129,66,144,50,354,663,150,145,113,234,8,219,67,186,193,196,176,16,156
"1229",6265,"Savièse",55,4733,7,0,20,214,189,0,0,0,10,46,47,207,0,0,0,0,0,50,296,5263,69,0,101,0,0,98,273,0,150,1227,378,1767,361,585,190,300,489,76,669,324,3429,3345,84,428,233,1307,133,59,1956,1473,1895,1450,2366,979,282,256,441,1689,677,206,773,66,216,23,233,117,324,61,23,157,271,0,233,628,679,42,91,35,24,64,351,533,134,1463,350,309,32,43,123,191,520,953,596,415,339,131,785,1246,339,360,154,311,135,680,2121,135,7,89,33,148,42,361,444,159,84,42,243,60,199,63,129,128,298,148,39,85
"1195",6025,"Vétroz",43,2784,35,0,9,407,103,0,0,0,16,134,7,376,0,0,0,0,0,58,180,3451,190,0,45,198,19,71,434,8,118,1053,504,1299,332,244,111,84,182,26,666,255,2591,2437,154,287,233,723,108,43,1358,1233,1293,1144,1678,759,266,268,225,1160,518,133,626,62,204,36,232,35,190,65,89,132,155,8,225,327,396,52,56,18,25,59,193,524,88,1100,279,125,9,8,95,167,212,610,523,227,411,183,576,1063,130,239,92,173,101,453,1633,101,8,69,57,74,36,209,440,51,145,73,125,17,122,61,80,100,155,119,24,121
"1192",6022,"Chamoson-Ardon",66,3441,7,0,0,487,112,0,0,0,0,71,40,549,0,0,0,11,10,42,195,4253,79,8,92,18,9,26,864,24,106,1496,447,1553,225,256,158,206,298,59,653,351,3090,2920,170,298,215,1080,94,68,1756,1334,1679,1241,2170,750,220,341,189,1588,582,91,659,24,196,25,316,42,147,77,93,139,159,7,208,475,605,59,35,36,32,39,149,571,83,1209,503,218,24,40,110,154,336,691,502,325,592,145,945,1029,129,299,172,212,218,572,1767,218,0,68,56,170,31,247,484,70,137,49,85,8,173,111,184,115,113,145,7,86
"1203",6133,"Fully",49,5357,42,0,10,579,63,0,0,0,0,97,25,392,0,0,0,8,9,35,126,5968,163,0,54,99,46,106,677,0,254,2025,641,2036,439,492,196,197,344,25,1037,511,4442,4200,242,448,326,1218,153,68,2472,1970,2355,1845,2994,1206,305,464,437,2173,821,182,1024,96,209,34,430,52,385,117,125,198,250,0,326,538,680,69,84,28,40,30,353,803,124,1879,561,258,42,39,198,164,448,1015,676,562,788,279,1287,1755,169,325,220,321,219,903,2554,219,9,127,164,90,65,448,590,113,234,41,190,23,267,135,212,248,197,180,24,100
"1208",6139,"Riddes-Leytron",31,3985,16,0,27,421,48,0,0,9,0,54,41,359,0,0,0,10,0,110,151,4596,94,7,146,12,24,38,716,11,123,1868,536,1485,345,272,72,118,239,17,746,361,3239,3015,224,284,243,1143,125,74,1830,1409,1691,1324,2158,857,242,328,287,1557,601,134,723,32,210,42,286,60,227,139,85,89,195,0,243,495,648,76,49,52,22,61,197,587,97,1308,336,212,10,8,144,130,212,706,565,431,661,159,1074,1254,126,233,129,107,124,733,1790,124,0,79,85,154,48,367,419,173,159,32,113,50,138,86,164,172,75,119,0,90
"1209",6141,"Saxon-Saillon",55,5149,62,8,0,848,113,0,0,0,0,168,48,706,0,0,0,0,8,175,200,6353,268,8,159,122,31,99,1386,0,240,2222,876,2191,487,472,169,248,303,42,1122,615,4815,4534,281,352,349,1439,282,109,2636,2179,2526,2008,3357,1177,288,528,361,2392,965,134,1043,26,262,50,478,58,303,110,171,165,187,0,349,661,778,110,172,41,68,15,324,800,208,1970,647,255,41,23,172,262,396,902,904,525,1077,233,1521,1766,258,289,175,327,198,995,2841,198,9,183,109,169,39,486,755,162,243,59,222,23,325,154,153,179,258,171,17,120
"1196",6031,"Bagnes",93,4770,33,0,395,476,169,0,0,18,11,97,220,275,0,0,0,45,0,180,382,5711,174,0,842,0,29,83,591,8,105,1518,507,2126,472,629,200,409,655,71,781,497,4405,4198,207,414,333,1379,41,209,2511,1894,2387,1811,3100,1098,269,361,468,2178,922,209,889,57,212,45,316,107,361,124,83,185,229,15,318,549,830,9,32,125,84,90,370,573,166,1506,742,481,48,131,272,250,483,1000,791,529,535,171,944,1738,156,706,168,346,92,711,2737,92,0,177,18,93,105,318,528,261,470,56,137,145,224,162,140,239,145,104,50,76
"1197",6034,"Entremont",41,5524,9,0,33,208,67,0,0,0,0,76,73,174,0,0,0,0,0,82,140,5996,101,0,142,19,0,53,340,0,70,1662,682,2434,345,435,177,131,236,95,1015,512,3838,3679,159,333,420,1486,124,75,2302,1536,2224,1455,2796,883,262,309,312,2035,761,189,694,55,207,85,224,49,263,78,81,148,185,15,405,675,811,75,49,35,40,23,280,552,124,1787,419,303,16,26,145,253,370,825,709,642,457,254,1194,1386,191,244,235,282,105,859,2307,105,0,209,111,73,81,385,447,317,242,46,70,16,227,80,206,213,113,191,45,94
"1206",6136.3,"Martigny La Bâtiaz-Finettes",24,3173,75,0,0,703,56,0,0,9,0,148,42,666,0,8,0,11,9,146,105,4224,280,0,97,311,90,176,839,11,113,1535,678,1637,275,257,140,111,202,32,710,394,3590,3347,243,284,162,840,136,66,1787,1803,1676,1671,2311,1036,326,309,401,1595,716,81,955,25,301,24,285,32,369,111,132,141,143,0,162,333,507,109,27,17,49,32,288,591,137,1512,404,106,8,0,85,175,266,747,675,370,809,214,832,1653,138,207,159,190,42,794,2132,42,0,109,118,93,70,404,596,94,246,49,97,48,216,156,172,88,119,117,33,101
"1205",6136.2,"Martigny Bourg",15,3564,114,0,15,351,72,0,0,0,0,188,35,291,0,0,0,0,0,78,121,4219,336,0,59,99,36,114,425,0,97,1276,511,1566,269,276,148,222,276,40,693,327,2944,2798,146,343,228,1033,83,77,1405,1539,1320,1478,1918,880,323,322,235,1280,638,40,840,0,323,32,290,8,227,85,61,257,86,0,228,441,592,35,48,53,24,24,204,616,124,1275,258,183,47,41,63,112,315,639,558,395,495,149,545,1190,267,321,145,241,33,628,1833,33,0,124,90,119,65,230,399,123,213,25,108,24,108,62,81,165,253,191,16,65
"1204",6136.1,"Martigny Ville",8,2730,78,0,16,452,99,0,0,0,0,194,54,368,0,4,0,12,10,132,177,3569,344,8,125,124,9,65,595,10,95,1223,363,1338,247,207,123,209,213,59,502,216,2745,2581,164,242,149,826,118,76,1569,1176,1463,1118,1871,710,253,269,188,1285,586,178,532,70,183,59,210,49,139,106,58,139,103,0,149,282,544,43,75,44,32,24,149,591,65,1092,293,258,31,58,102,108,290,589,563,205,516,117,682,1079,139,248,116,207,52,523,1680,52,0,134,66,52,42,229,424,52,200,43,108,50,166,116,44,107,130,116,50,74
"1207",6137,"Forclaz-Trient",83,2812,41,0,32,64,48,0,0,0,0,48,103,75,0,0,0,10,0,32,154,3118,106,0,145,0,38,27,57,0,100,583,403,1247,209,194,97,157,259,76,352,164,2247,2067,180,183,118,714,60,34,1273,974,1176,891,1405,662,209,252,201,1018,387,158,504,58,151,50,202,50,151,97,83,80,103,9,109,346,368,39,21,0,34,24,151,461,121,875,129,134,8,64,83,138,250,505,493,260,191,76,533,832,119,221,129,167,31,361,1441,31,0,53,63,46,31,168,368,135,145,34,124,8,58,68,112,147,95,81,24,42
"1218",6213,"Evionnaz-Collonges",11,2917,69,9,0,232,40,0,0,0,0,101,23,238,0,10,0,0,13,54,70,3374,188,9,59,8,62,42,362,0,91,1131,263,1327,227,327,70,82,139,16,548,244,2366,2171,195,179,170,849,129,26,1314,1052,1218,953,1567,604,140,289,175,1083,484,135,469,50,90,35,254,50,125,96,99,61,118,0,170,349,500,72,57,9,17,16,183,446,32,1061,169,126,16,16,106,104,203,454,468,310,408,114,624,965,65,248,91,99,88,474,1387,88,0,105,107,77,43,142,324,91,74,40,135,17,138,60,146,70,81,81,41,89
"1219",6217,"St-Maurice",42,4270,86,0,29,376,110,0,0,0,0,105,34,365,0,0,0,0,0,130,219,5014,208,0,87,194,97,156,352,0,156,1459,642,1785,464,406,96,157,289,33,790,343,3505,3315,190,407,341,1032,175,79,1847,1658,1765,1550,2362,953,363,267,323,1653,709,112,841,57,306,32,235,23,300,82,108,154,253,0,341,460,572,125,50,43,36,70,212,587,143,1674,338,145,18,26,56,177,378,826,773,430,482,165,830,1439,167,319,186,239,73,645,2132,73,0,50,189,120,73,213,385,169,173,70,131,69,146,75,194,139,275,168,40,98
"1215",6156,"Illiez",82,5580,18,0,82,210,183,0,0,8,0,31,156,211,0,0,0,10,0,65,313,6226,72,0,306,7,18,99,190,0,132,1687,560,2482,402,439,209,250,383,71,924,367,4218,4034,184,253,401,1577,144,50,2275,1943,2178,1856,2808,1226,310,334,582,1940,868,238,988,56,254,73,261,109,473,97,87,103,150,10,391,727,850,76,68,10,40,148,428,605,146,1721,456,317,25,39,188,343,405,859,881,679,430,196,1103,1502,395,401,183,314,137,876,2496,137,9,173,232,145,58,259,560,222,252,40,155,101,184,106,214,149,282,149,17,65
"1210",6152,"Collombey-Muraz",50,4306,96,0,17,401,121,0,0,0,7,181,40,516,0,0,0,33,18,150,210,5305,302,0,164,188,71,158,563,23,158,1636,491,2208,444,451,113,183,149,33,836,426,4061,3827,234,394,303,1049,86,33,2051,2010,1907,1920,2576,1251,360,406,485,1784,792,123,1128,33,327,32,374,58,427,144,90,139,255,0,303,518,531,34,52,8,25,57,330,793,127,1828,299,164,43,24,91,192,263,990,860,634,617,125,986,1643,257,414,209,166,72,1191,2135,72,0,94,230,352,129,386,556,94,135,39,130,16,168,128,106,159,221,265,22,96
"1211",6153.1,"Monthey Ville-Outrevièze-Choëx",68,3681,77,0,10,362,63,0,0,0,0,116,25,280,0,0,0,8,10,92,177,4258,212,0,88,48,40,109,385,27,105,1182,457,1556,333,436,173,202,240,50,649,203,3034,2766,268,321,203,1054,135,39,1692,1342,1564,1202,1990,776,203,290,283,1456,534,108,668,31,172,52,238,25,258,128,140,100,221,8,195,433,621,70,65,7,32,32,237,451,99,1368,300,186,65,40,115,148,343,650,516,390,364,144,604,1170,179,354,106,285,8,727,1758,8,0,49,238,132,87,221,355,49,167,26,120,57,197,98,47,153,173,204,24,88
"1212",6153.2,"Monthey Vièze",25,3150,120,0,25,543,101,0,0,0,9,127,16,595,0,0,0,0,10,146,201,4135,297,0,95,176,116,132,697,28,134,1641,567,1451,286,252,101,177,158,24,406,189,3256,3044,212,255,203,940,142,58,1690,1566,1611,1433,2123,921,255,316,350,1445,678,166,755,39,216,43,273,84,266,79,133,112,143,0,203,273,667,76,66,28,30,47,271,539,123,1482,273,106,36,26,99,107,320,658,520,354,789,155,783,1447,104,258,141,196,33,749,1921,33,0,55,173,202,70,249,468,81,126,37,90,19,211,156,88,91,154,228,32,140
"1213",6153.3,"Monthey Poisy-Hautavy",39,2658,168,8,0,655,51,0,0,0,0,152,17,585,0,0,0,0,11,147,129,3610,366,8,55,171,146,221,598,140,132,1345,329,1562,292,189,89,166,218,27,482,297,2895,2711,184,283,304,766,166,65,1465,1430,1407,1304,2073,638,241,205,192,1334,739,73,565,8,233,24,181,41,151,58,126,115,168,0,304,416,350,110,56,35,30,32,126,419,125,1443,282,115,18,43,47,74,325,660,510,357,561,127,755,1184,90,255,78,245,65,778,1641,65,0,91,226,171,27,263,449,126,76,33,90,17,231,90,66,41,157,155,18,92
"1125",5611,"Hauts-de-Lavaux",83,3212,20,0,56,200,144,0,0,4,0,68,85,183,0,0,0,14,9,97,269,3788,107,4,219,13,31,80,190,4,37,824,280,1356,319,454,173,198,388,113,535,313,2758,2648,110,293,204,807,74,41,1482,1276,1428,1220,1836,812,276,297,239,1281,555,147,665,61,215,37,260,49,190,54,56,126,167,0,204,379,428,24,50,25,16,19,197,524,146,1112,213,303,43,79,80,161,389,719,562,233,268,114,525,999,217,349,172,298,153,369,1816,153,4,60,31,79,44,151,364,80,102,98,167,16,194,76,117,165,188,145,36,68
"1085",5584.1,"Epalinges Village-Croisettes",78,3533,47,0,100,340,200,0,0,5,4,100,122,468,13,0,0,37,5,201,381,4608,195,0,409,51,57,185,316,24,73,933,411,1396,479,414,175,338,736,257,750,329,3215,3006,209,475,185,1233,65,74,1628,1587,1518,1488,2045,961,286,341,334,1373,672,145,816,51,235,41,300,53,281,110,99,257,218,15,170,512,721,37,28,26,48,31,273,607,121,1334,264,239,62,118,67,78,759,732,616,182,351,52,341,1145,288,564,224,341,17,291,2388,17,0,29,27,70,12,153,399,108,91,99,196,53,288,92,161,211,345,198,50,97
"1110",5586.21,"Lausanne-Forains Epalinges-En Marin",84,2707,33,0,98,131,78,0,0,12,0,87,119,216,8,0,0,43,10,149,228,3347,151,0,404,17,21,116,106,4,39,519,244,832,491,311,178,308,628,208,652,303,2552,2381,171,448,118,542,24,86,1392,1160,1309,1072,1619,762,248,235,279,1174,445,135,627,35,213,28,207,72,207,83,88,234,214,4,114,275,267,12,12,44,42,36,215,447,96,1033,194,243,90,92,76,71,707,582,456,117,100,102,222,710,339,479,211,349,24,207,1935,24,0,18,9,99,24,57,280,52,89,88,205,15,276,54,138,231,265,139,32,71
"1092",5586.04,"Lausanne Montoie-Bourdonnette",47,1828,85,4,58,574,86,4,0,5,0,115,59,725,0,0,0,75,27,212,157,3019,226,4,300,259,130,277,271,95,169,1217,358,805,259,184,72,240,393,123,585,321,2423,2096,327,374,173,611,184,128,1329,1094,1147,949,1441,655,188,244,223,993,448,154,501,64,124,54,190,36,187,182,145,221,153,0,173,232,379,89,95,69,59,35,196,417,73,1083,98,123,31,34,35,102,473,434,356,139,400,108,373,901,116,192,92,278,13,254,1547,13,4,49,26,60,8,107,286,59,141,73,79,13,118,135,88,223,127,120,32,53
"1094",5586.052,"Lausanne Cour",50,2017,146,0,56,392,92,4,0,9,9,125,87,484,14,14,0,42,12,197,207,2983,346,0,329,52,81,291,270,13,92,843,281,700,331,209,115,293,690,151,467,260,2419,2196,223,264,141,810,80,40,1206,1213,1081,1115,1604,592,206,168,218,972,632,109,483,41,165,39,129,29,189,125,98,166,98,0,141,315,495,37,43,21,19,34,168,352,132,1124,156,135,46,52,56,45,691,508,361,99,274,62,265,813,118,384,166,365,17,177,1741,17,0,49,8,37,18,65,266,100,143,73,151,40,224,111,103,171,175,68,33,83
"1093",5586.051,"Lausanne Montriond-Montelly",71,2507,123,0,58,363,133,0,0,4,0,91,86,458,4,0,0,22,8,192,265,3454,248,0,290,98,106,230,276,33,83,1048,282,848,355,185,114,263,714,166,492,262,2702,2519,183,324,132,774,123,74,1352,1350,1262,1257,1728,791,317,225,249,1051,677,211,580,90,227,44,181,77,172,90,93,159,165,4,128,249,525,49,74,14,60,28,213,520,133,1128,234,163,17,92,73,74,772,510,412,137,361,80,292,933,136,322,227,504,18,197,2007,18,0,33,25,34,4,101,255,88,125,108,112,45,304,106,109,279,188,124,73,91
"1095",5586.06,"Lausanne Sous-Gare",104,2628,92,0,74,372,118,0,0,9,5,110,124,244,9,5,0,58,13,197,306,3404,271,0,416,37,42,219,165,33,83,570,257,731,399,252,164,409,1009,251,421,246,2873,2665,208,373,102,731,53,48,1494,1379,1389,1276,1828,837,324,269,244,1159,669,230,607,71,253,78,191,81,163,105,103,169,204,13,89,268,463,32,21,36,12,21,215,581,143,1118,237,223,36,132,55,104,1075,506,374,98,230,59,185,849,189,459,305,580,12,166,2152,12,0,21,16,59,13,57,321,51,128,107,137,47,348,82,160,327,168,115,69,92
"1096",5586.071,"Lausanne Ouchy",94,2794,132,0,131,325,111,0,4,13,8,152,124,288,13,0,0,40,14,211,300,3663,364,4,465,9,36,181,201,13,76,765,279,840,404,310,132,374,1016,216,376,232,2809,2643,166,202,153,1114,88,82,1444,1365,1330,1313,1907,736,289,243,204,1183,724,147,589,63,226,34,209,50,154,114,52,105,97,0,153,325,789,41,47,35,47,35,162,506,130,1262,265,208,48,105,90,62,968,627,341,120,248,47,144,883,202,541,273,510,13,232,2080,13,0,51,17,58,28,78,280,67,151,150,139,53,313,73,118,279,175,110,81,91
"1098",5586.08,"Lausanne Florimont-Chissiez",66,2552,79,0,124,391,92,0,0,16,4,94,86,473,4,0,0,51,21,198,221,3476,230,0,420,94,112,226,319,29,72,813,287,796,386,282,140,343,889,216,448,326,2823,2559,264,258,200,799,107,63,1505,1318,1361,1198,1911,648,230,234,184,1190,721,171,477,56,174,65,169,50,134,144,120,104,154,4,196,275,524,61,46,26,37,44,109,457,139,1178,243,253,61,93,119,112,868,600,321,123,242,25,246,847,204,554,216,408,16,258,1950,16,0,24,35,68,18,113,277,74,108,125,197,46,272,79,88,154,172,176,75,107
"1097",5586.072,"Lausanne Montchoisi",88,2730,141,0,108,431,171,0,0,13,8,128,110,455,9,5,0,78,26,205,351,3788,325,0,459,34,26,311,334,27,58,903,316,826,478,289,122,353,1090,219,325,269,3055,2782,273,359,123,1018,80,73,1503,1552,1346,1436,1939,843,327,278,238,1142,797,204,639,84,243,51,227,69,169,157,116,214,145,0,123,302,716,46,34,41,32,43,162,551,144,1346,232,187,48,144,54,142,968,556,414,64,362,38,231,968,208,508,232,510,9,219,2181,9,0,21,26,60,25,87,314,70,128,111,163,42,370,141,141,252,201,86,44,118
"1109",5586.17,"Lausanne Grey-Boisy",71,3038,55,0,21,190,184,0,0,8,16,151,43,447,9,4,0,9,8,182,345,4042,249,4,173,32,43,254,245,17,54,994,414,1473,396,258,162,239,324,68,465,247,2495,2327,168,295,157,1351,86,42,1193,1302,1116,1211,1564,763,316,254,193,961,603,155,608,54,262,30,224,71,122,77,91,102,193,0,157,522,829,34,52,21,21,16,163,537,97,1160,119,106,16,39,82,74,425,522,624,171,286,96,302,1150,148,311,93,233,16,257,1822,16,0,50,17,56,33,101,329,90,110,64,190,65,173,99,149,120,194,161,30,48
"1108",5586.16,"Lausanne Blécherette-Bois Gentil",35,2082,102,0,9,661,102,0,0,5,0,100,33,702,0,5,0,13,33,187,178,3206,232,0,146,218,235,245,538,17,148,1281,470,1068,322,226,55,168,195,53,455,270,2656,2338,318,289,158,703,160,89,1446,1210,1276,1062,1696,642,195,208,239,1156,540,120,522,47,148,43,165,30,209,170,148,138,151,6,152,312,391,91,69,28,61,28,209,363,113,1306,146,78,26,26,41,76,262,446,537,185,633,119,485,1209,103,180,93,187,13,344,1714,13,0,25,39,89,29,162,377,89,130,89,129,45,92,127,145,57,151,167,16,100
"1107",5586.152,"Lausanne Pontaise",33,2064,63,0,10,605,112,0,0,11,12,152,87,773,4,8,0,27,5,150,200,3324,259,0,190,225,98,291,441,39,140,1247,415,904,347,183,81,230,398,112,580,412,2730,2439,291,328,184,663,139,71,1370,1360,1238,1201,1679,760,258,223,279,1057,622,181,579,60,198,42,181,79,200,132,159,162,166,4,180,240,423,72,67,58,13,32,246,437,125,1144,178,148,31,18,41,112,532,445,413,223,555,85,463,1173,121,259,145,205,27,371,1772,27,0,58,13,116,24,160,266,97,197,72,78,48,120,126,98,206,180,154,19,111
"1106",5586.151,"Lausanne Vinet-Beaulieu",89,2692,149,0,58,405,134,0,0,9,11,168,100,411,5,0,0,67,14,218,313,3716,383,0,381,38,35,344,297,9,83,894,315,943,340,251,191,399,870,177,303,223,3022,2812,210,337,121,833,121,99,1699,1323,1570,1242,2036,776,300,223,253,1385,651,185,591,82,218,46,177,57,196,129,81,105,232,9,112,288,545,59,62,41,58,26,208,517,147,1346,222,217,47,75,93,67,981,587,416,140,355,54,267,1016,160,401,240,619,18,274,2211,18,0,47,13,90,14,110,294,55,137,146,157,47,312,112,163,321,144,168,58,97
"1119",5591.3,"Renens Gare-14 Avril",53,1332,173,0,14,731,31,0,0,5,5,180,30,724,0,8,0,34,35,146,143,2430,378,0,140,199,188,263,710,104,162,1336,329,835,163,136,24,101,230,59,462,291,2333,2059,274,215,131,606,147,64,1248,1085,1113,946,1582,477,162,138,177,1019,563,94,383,17,145,29,109,48,129,135,139,96,119,9,122,238,368,85,62,25,39,28,146,302,126,1168,128,73,17,15,56,89,258,353,374,172,657,81,538,984,55,158,48,143,24,478,1284,24,0,54,55,82,30,257,313,70,100,12,105,34,132,121,72,97,74,83,16,55
"1118",5591.2,"Renens Longemalle",37,1781,105,0,22,710,96,0,0,0,9,123,37,912,0,0,0,25,25,206,171,3132,271,0,180,264,214,270,599,215,147,1514,343,967,304,150,51,161,271,80,570,285,2605,2293,312,356,199,643,176,103,1470,1135,1285,1008,1802,491,182,147,162,1188,614,97,394,46,136,18,129,33,129,185,127,183,173,6,193,278,365,95,81,63,40,36,126,309,81,1327,199,84,4,24,57,75,336,470,413,180,579,166,538,995,93,258,67,209,12,440,1528,12,0,46,12,135,16,231,391,105,96,81,136,8,186,109,80,101,80,93,20,42
"1120",5591.4,"Renens Baumettes",36,2253,156,0,27,379,141,0,0,4,0,218,38,541,0,4,0,10,14,186,216,3358,425,0,168,55,145,295,331,55,75,1107,239,1253,289,176,106,221,409,46,462,250,2583,2361,222,235,138,860,122,75,1372,1211,1247,1114,1671,690,229,204,257,1104,567,143,547,34,195,36,168,73,184,125,97,126,109,8,130,364,496,75,47,37,38,37,204,414,96,1181,177,114,15,35,79,96,400,482,511,258,353,129,445,1052,118,285,94,240,36,449,1561,36,0,59,19,109,17,245,361,71,79,52,112,16,165,98,151,156,123,99,24,54
"1117",5591.1,"Renens Village-Florissant",38,1884,218,0,27,1105,89,0,0,4,4,187,25,933,0,0,0,23,68,205,175,3297,445,0,157,234,279,334,1023,150,227,1975,385,1083,247,165,60,168,297,61,555,290,3123,2787,336,287,196,918,197,84,1717,1406,1508,1279,2068,719,212,242,265,1358,710,150,569,53,159,50,192,47,218,209,127,182,105,9,187,389,529,58,139,44,40,36,220,446,84,1555,215,96,15,24,65,94,338,491,500,224,946,96,723,1320,97,204,63,211,34,576,1845,34,0,60,50,167,13,286,409,152,148,60,115,32,167,225,81,127,103,138,17,71
"1113",5589.2,"Prilly-Fleur de Lys Jouxtens-Mézery",72,3153,110,0,40,383,171,4,0,0,5,179,69,427,8,4,0,19,14,193,309,4175,349,0,247,81,90,147,353,30,101,882,437,1300,387,304,199,291,660,214,681,346,3089,2968,121,399,225,1008,93,41,1645,1444,1579,1389,2086,882,277,278,327,1420,666,159,723,69,208,36,242,54,273,66,55,226,173,8,217,449,559,65,28,29,12,52,272,534,122,1440,209,240,59,118,125,109,679,619,550,216,370,124,353,1117,216,541,215,383,19,422,2193,19,0,102,36,109,27,148,374,120,108,80,201,32,275,102,163,230,252,106,54,96
"1112",5589.1,"Prilly Mont-Goulin-Flumeaux",64,2993,170,0,26,960,134,0,0,0,13,202,79,951,0,4,0,6,33,271,281,4623,439,0,241,178,157,418,947,56,199,1936,605,1644,342,329,114,223,355,70,581,369,3533,3181,352,312,204,1569,191,103,1828,1705,1676,1505,2308,873,230,278,365,1497,811,179,694,42,188,55,223,82,283,152,200,162,150,14,190,648,921,112,79,46,57,31,303,504,128,1654,251,130,28,40,101,145,382,638,619,261,854,131,752,1495,146,224,119,265,42,623,2154,42,0,50,47,192,16,318,409,109,193,74,138,47,176,201,89,156,183,216,62,101
"1133",5642.1,"Morges Ville",53,2343,185,0,120,408,95,0,0,8,5,183,78,377,5,0,0,35,17,172,209,3233,419,0,345,100,35,212,392,4,79,899,288,1021,307,246,137,241,656,95,376,250,2691,2484,207,227,149,845,82,84,1421,1270,1308,1176,1884,600,167,209,224,1176,708,132,468,48,119,30,179,54,170,113,94,112,115,4,145,297,548,34,48,37,47,37,186,350,125,1243,213,221,55,77,130,77,565,539,388,146,456,60,380,957,140,498,146,268,30,360,1809,30,0,41,37,117,34,131,346,67,193,69,125,29,231,93,106,101,151,145,29,124
"1135",5642.3,"Morges St-Jean-Bellevue",71,2520,50,0,65,514,134,0,0,4,4,145,105,511,4,6,0,8,0,179,254,3584,244,0,300,172,82,145,505,52,159,1120,379,1165,267,270,186,205,384,132,476,231,2706,2487,219,256,140,1061,134,39,1416,1290,1333,1154,1717,770,241,245,284,1176,541,157,613,67,174,53,192,37,247,83,136,128,128,0,140,431,630,63,71,21,18,49,246,447,95,1145,214,157,48,54,48,63,389,558,463,192,571,104,436,1120,123,284,156,253,24,394,1770,24,0,42,42,129,54,127,369,112,97,71,122,49,150,128,125,121,141,179,21,85
"1134",5642.2,"Morges Marcellin-Gottaz-Vogéaz",90,2869,49,0,28,321,163,0,4,4,9,160,57,299,0,4,0,4,4,115,310,3655,236,4,172,47,29,143,355,4,65,905,369,1287,372,292,138,205,425,80,419,219,2504,2367,137,290,143,1116,84,49,1235,1269,1179,1188,1656,711,229,262,220,1050,606,129,582,32,197,33,229,64,156,56,81,134,156,0,143,387,729,45,39,23,26,31,179,497,119,1139,191,121,37,60,58,74,410,675,455,222,286,95,381,1037,136,388,136,245,29,374,1688,29,0,46,29,145,25,129,292,72,97,70,155,27,185,118,138,124,144,150,32,84
"1150",5724.2,"Nyon Tines-Marens",108,1802,75,0,98,578,103,0,0,5,4,118,103,463,0,0,0,53,8,226,337,2777,240,0,413,193,41,207,469,15,81,804,388,929,312,183,122,260,572,46,473,375,2730,2500,230,194,171,539,57,57,1556,1174,1429,1071,1893,607,141,242,224,1269,624,160,447,23,118,65,177,72,152,127,103,103,91,12,159,180,359,25,32,19,38,31,171,384,60,1338,261,154,47,32,84,97,568,543,458,156,427,93,439,1113,97,442,79,232,15,383,1839,15,4,36,36,133,20,154,337,58,87,73,244,37,148,153,63,117,158,133,25,206
"1149",5724.1,"Nyon Ville",93,2080,82,0,331,234,101,0,0,8,10,51,178,216,4,9,0,44,9,235,319,2853,190,0,724,35,22,183,194,10,38,582,320,682,327,270,118,390,778,149,398,249,2365,2169,196,323,188,711,55,49,1231,1134,1143,1026,1611,558,211,126,221,1021,590,122,436,29,182,29,97,64,157,88,108,178,145,9,179,238,473,34,21,17,32,63,147,306,98,963,215,282,103,151,91,88,615,505,273,104,217,25,185,785,140,571,83,321,8,188,1622,8,4,27,18,82,8,49,309,71,90,70,214,24,209,104,72,80,127,68,63,121
"1152",5724.4,"Nyon Billettaz-Asse",88,1937,97,0,101,372,75,0,0,4,4,122,90,420,0,0,0,36,9,162,239,2797,248,0,330,174,42,130,412,0,96,872,364,875,325,235,128,185,326,53,448,240,2339,2116,223,302,119,617,103,41,1254,1085,1126,990,1591,525,195,169,161,1049,542,77,448,33,162,16,153,28,133,128,95,161,141,9,110,270,347,72,31,14,27,32,144,329,133,1067,207,130,30,29,111,57,364,468,464,198,322,77,324,1081,53,343,82,191,31,313,1615,31,0,44,20,87,16,146,291,122,90,45,218,44,119,187,56,108,83,91,24,137
"1151",5724.3,"Nyon Morâche-Martinet",122,1912,83,0,133,453,95,0,0,9,4,78,146,427,0,5,0,50,8,227,322,2866,204,4,508,99,39,245,421,4,81,819,229,793,338,215,111,327,673,99,477,326,2628,2433,195,284,128,624,24,64,1375,1253,1290,1143,1857,576,165,193,218,1172,685,118,458,36,129,35,158,47,171,85,110,125,159,4,124,277,347,12,12,27,37,38,178,351,81,1300,221,152,60,44,80,124,697,488,360,144,350,91,339,904,161,551,139,260,27,268,1836,27,0,26,30,85,8,119,321,104,98,86,216,40,201,164,76,119,133,116,34,128
"1172",5886.2,"Montreux Clarens",43,1909,147,0,64,663,103,4,0,0,12,216,62,714,0,0,0,34,21,248,244,3234,429,4,284,198,279,254,558,9,119,1290,411,1191,276,204,95,187,291,43,581,274,2640,2300,340,200,216,928,169,82,1379,1261,1179,1121,1782,518,179,152,187,1081,701,98,420,34,145,22,130,42,145,200,140,93,107,0,216,362,566,85,84,43,39,20,178,339,91,1192,247,74,35,40,71,122,272,476,489,172,537,90,453,1103,141,261,68,172,20,318,1708,20,0,46,12,80,8,172,351,61,213,45,128,29,123,141,56,111,152,175,54,69
"1171",5886.1,"Montreux Trex-Vernex-Planches",74,1873,190,0,49,495,126,0,4,8,11,125,58,449,0,0,0,59,19,247,272,2847,395,4,328,126,212,202,290,35,146,978,338,990,277,175,93,230,382,84,366,174,2284,1995,289,263,133,912,107,83,1281,1003,1120,875,1490,505,165,165,175,1002,488,118,387,42,123,38,127,38,137,161,128,144,119,4,129,335,577,53,54,43,40,45,133,326,59,1048,179,133,12,55,49,127,362,423,437,155,320,57,290,966,85,251,96,213,12,234,1514,12,0,27,21,56,18,112,267,85,194,29,144,37,170,72,53,127,139,99,38,60
"1174",5886.4,"Montreux Pallens-Chernex-Chamby",173,2666,104,0,181,231,186,0,0,8,4,117,113,249,0,0,0,59,5,208,460,3531,266,4,522,95,82,87,102,9,101,626,318,1305,354,379,157,367,576,94,408,276,2670,2540,130,259,229,978,92,80,1469,1201,1403,1137,1836,704,201,233,270,1247,589,156,548,36,165,48,185,72,198,66,64,111,148,0,229,346,632,65,27,42,38,55,205,423,105,1147,231,249,78,71,119,114,549,685,416,210,210,86,365,1024,175,475,123,306,33,319,1894,33,0,67,24,99,20,109,308,94,140,81,161,91,239,135,99,153,187,105,21,80
"1173",5886.3,"Montreux Chailly-Baugy-Tavel",87,2276,70,0,91,325,130,0,0,5,8,133,87,453,0,0,0,13,4,196,299,3261,245,4,320,89,127,160,284,16,61,850,392,1085,323,228,115,300,402,96,522,289,2497,2294,203,211,184,817,108,71,1318,1179,1219,1075,1693,601,177,230,194,1071,622,148,453,48,129,39,191,61,133,99,104,75,136,13,171,376,441,48,60,24,47,23,130,390,94,1142,167,187,56,80,89,106,442,494,430,191,358,56,321,1034,209,341,144,145,13,317,1666,13,0,53,17,59,4,184,290,73,142,48,134,24,166,92,122,125,165,134,49,102
"1227",6250.1,"Veyras-Miège-Mollens",185,3248,58,0,34,165,161,8,0,8,9,91,40,143,7,0,0,0,10,112,436,3796,190,0,152,16,36,59,230,10,32,853,436,1264,328,481,240,211,314,84,654,288,2567,2441,126,359,201,1058,63,34,1322,1245,1279,1162,1595,846,214,286,346,1171,424,108,738,33,181,9,277,66,280,43,83,205,154,0,201,503,555,40,23,26,8,71,249,474,57,1048,262,165,27,48,187,107,327,699,376,281,270,117,623,860,302,213,142,191,40,531,1550,40,0,86,91,114,16,224,301,33,147,61,89,17,121,47,139,152,211,151,16,65
"1223",6244.1,"Montana-Randogne",156,1718,32,0,24,291,139,0,0,0,8,35,74,248,0,10,0,9,0,108,350,2321,128,0,156,8,176,71,228,0,68,782,285,794,191,194,64,140,207,92,334,97,1608,1548,60,213,142,795,27,75,839,769,787,761,1013,535,148,190,197,656,357,131,404,49,99,41,149,41,156,52,8,68,145,8,134,397,398,19,8,9,66,35,136,328,36,535,253,105,19,66,80,114,212,318,244,145,301,50,246,746,167,123,62,118,31,123,1142,31,0,20,25,18,0,60,203,94,145,0,40,35,106,36,62,70,240,60,25,26
"1220",6234.1,"Chermignon-Lens",48,3589,27,0,8,149,127,0,0,0,0,71,47,87,0,0,0,0,0,60,200,3981,106,0,90,16,20,35,176,0,55,938,508,1233,379,358,113,260,320,19,509,201,2579,2541,38,338,171,962,98,57,1489,1090,1489,1052,1767,774,144,275,355,1357,410,132,642,34,110,17,258,81,274,0,38,203,135,8,163,379,583,51,47,49,8,63,228,446,66,1187,241,133,15,67,112,165,321,626,435,353,326,127,560,1026,231,242,178,207,124,386,1607,124,0,93,76,86,32,99,285,112,92,52,111,75,118,76,129,139,200,136,33,49
"1222",6240.1,"Crans-sur-Sierre",87,1921,116,0,37,424,145,0,0,0,0,155,123,272,0,16,0,20,0,259,327,2866,395,0,336,18,183,145,335,0,130,924,295,816,259,176,66,272,417,147,297,133,2040,1954,86,106,125,1155,54,120,1026,1014,982,972,1492,462,126,136,200,868,624,114,348,57,69,8,128,49,151,44,42,62,44,0,125,582,573,16,38,34,86,33,158,283,92,786,269,206,22,58,178,116,213,297,357,141,540,32,303,1057,132,177,8,190,32,147,1314,32,0,24,15,7,0,101,318,59,318,12,39,121,81,62,17,42,141,34,36,34
"1230",6266.1,"Sion Ville",98,3336,153,0,30,473,155,0,0,8,10,140,59,358,0,0,0,10,28,97,303,4145,335,0,154,64,34,102,457,8,128,1140,387,1168,484,198,145,368,673,180,518,252,3233,3004,229,298,159,1062,135,69,1637,1596,1528,1476,2091,913,345,273,295,1336,755,192,721,74,271,76,197,42,253,109,120,125,173,20,139,351,711,85,50,9,60,28,245,619,145,1304,207,277,41,116,152,116,741,538,569,170,503,58,460,1145,344,429,171,353,24,355,2244,24,9,55,41,67,17,166,390,76,266,81,189,41,210,104,121,213,269,140,32,112
"1232",6266.3,"Sion Gravelone-Rawil",180,3103,44,0,8,240,173,0,0,0,0,83,34,196,0,0,0,0,29,46,378,3635,128,0,88,17,13,115,234,0,81,827,448,902,459,246,108,224,604,194,532,238,2369,2248,121,381,110,1134,91,53,1212,1157,1151,1097,1447,801,228,281,292,1008,439,143,658,43,185,40,241,60,232,61,60,169,212,0,110,465,669,43,48,35,18,42,252,453,151,916,132,218,24,111,79,74,610,501,419,155,229,44,227,824,253,288,230,369,89,243,1675,89,9,32,23,40,24,115,227,60,26,70,147,51,195,18,185,193,255,122,44,82
"1231",6266.2,"Sion France-Lausanne",185,2832,92,0,12,534,226,0,0,0,0,123,33,441,0,0,0,10,0,166,436,3822,256,0,111,98,133,198,475,17,117,1249,435,1289,413,278,108,236,347,64,440,145,2727,2498,229,212,138,1424,123,36,1542,1185,1415,1083,1788,710,146,284,280,1274,514,141,569,33,113,76,208,32,248,127,102,144,68,16,122,610,814,46,77,9,27,51,199,449,74,1186,256,120,24,49,98,129,353,431,528,168,630,89,599,947,159,315,120,220,31,444,1686,31,25,24,52,91,17,235,345,85,110,33,123,66,140,140,145,138,111,112,80,58
"1234",6266.5,"Sion Champ-Sec",81,3074,114,4,0,674,132,0,0,0,0,134,31,519,0,0,0,11,0,109,245,3998,256,4,117,99,69,78,788,9,109,1428,525,1415,431,216,107,250,301,47,536,271,3459,3163,296,308,209,671,91,144,1926,1533,1779,1384,2436,727,236,247,244,1652,784,127,600,50,186,33,214,44,200,147,149,186,122,0,209,335,336,33,58,49,95,33,222,449,136,1832,230,140,8,43,109,116,374,685,662,256,654,255,786,1300,296,349,91,241,43,649,2131,43,7,116,42,146,33,305,623,120,105,110,117,47,180,45,165,110,319,81,32,77
"1233",6266.4,"Sion Châteauneuf-Salins",78,2872,51,0,9,441,130,0,0,0,0,90,8,507,0,0,0,11,8,154,249,3760,182,0,105,122,114,75,568,10,93,1368,479,1314,337,258,82,170,201,16,543,341,2898,2706,192,259,133,909,108,59,1481,1417,1369,1337,1855,851,252,316,283,1208,647,161,690,48,204,71,245,42,241,112,80,137,122,0,133,368,541,67,41,51,8,54,206,546,118,1156,285,153,25,23,99,82,328,610,516,315,612,95,627,1205,135,292,133,199,72,478,1837,72,0,87,66,109,26,190,437,104,217,24,74,15,183,103,109,150,217,109,8,87
